일자,구분,1시,2시,3시,4시,5시,6시,7시,8시,9시,10시,11시,12시,13시,14시,15시,16시,17시,18시,19시,20시,21시,22시,23시,24시
2024-01-01,육지계통,GS당진복합1CC,안양열병합2-1CC,당진#1,당진#1,당진#1,당진#1,당진#1,안양열병합2-1CC,안양열병합2-1CC,안양열병합2-1CC,안양열병합2-1CC,안양열병합2-1CC,여주복합CC,여주복합CC,여주복합CC,안양열병합2-1CC,파주문산복합2CC,파주문산복합2CC,파주문산복합2CC,GS당진복합1CC,GS당진복합1CC,안양열병합2-1CC,GS당진복합1CC,GS당진복합1CC
2024-01-02,육지계통,당진#1,당진#1,당진#1,당진#1,당진#1,당진#1,당진#1,세종천연가스CC,광교열병합CC,대전서남부열병합,일산복합1CC,포천복합 1CC,포스코복합7CC,포천복합 1CC,포천복합 1CC,포천복합 1CC,포스코복합7CC,포스코복합7CC,포스코복합7CC,포스코복합7CC,광양복합1CC,동탄열병합1CC,안양열병합2-2CC,신평택복합CC
2024-01-03,육지계통,여수#2,여수#2,여수#2,여수#2,여수#2,여수#2,여수#2,동탄열병합1CC,포스코복합8CC,대전서남부열병합,하남열병합1CC,양주열병합CC,포스코복합9CC,포스코복합9CC,포스코복합9CC,포스코복합9CC,광양복합2CC,춘천열병합CC,광양복합2CC,광양복합2CC,영남파워1CC,동탄열병합1CC,세종천연가스CC,동탄열병합1CC
2024-01-04,육지계통,세종천연가스CC,안양열병합2-1CC,하동#4,당진#1,당진#1,하동#5,파주문산복합2CC,세종천연가스CC,양주열병합CC,분당복합1CC,분당복합1CC,평택복합2CC,동탄열병합1CC,오성복합CC,오성복합CC,오성복합CC,동탄열병합1CC,동탄열병합1CC,동탄열병합1CC,동탄열병합1CC,동탄열병합1CC,신평택복합CC,신평택복합CC,신평택복합CC
2024-01-05,육지계통,파주문산복합2CC,여주복합CC,여주복합CC,여주복합CC,여주복합CC,여주복합CC,안양열병합2-1CC,동탄열병합1CC,울산복합CC#4,분당복합1CC,울산복합CC#4,포스코복합9CC,동탄열병합1CC,동탄열병합1CC,서인천복합1CC#6,분당복합2CC,서인천복합1CC#6,서인천복합1CC#6,서인천복합1CC#6,서인천복합1CC#6,서인천복합1CC#6,안양열병합2-2CC,파주문산복합2CC,안양열병합2-2CC
2024-01-06,육지계통,안양열병합2-1CC,안양열병합2-1CC,여주복합CC,여주복합CC,여주복합CC,안양열병합2-1CC,안양열병합2-1CC,파주문산복합2CC,파주문산복합2CC,신평택복합CC,동탄열병합2CC,동탄열병합1CC,신평택복합CC,신평택복합CC,동탄열병합2CC,동탄열병합2CC,신평택복합CC,신평택복합CC,안양열병합2-2CC,안양열병합2-2CC,안양열병합2-2CC,파주문산복합2CC,파주문산복합2CC,안양열병합2-1CC
2024-01-07,육지계통,안양열병합2-1CC,안양열병합2-1CC,하동#7,하동#7,하동#7,하동#7,안양열병합2-1CC,안양열병합2-1CC,안양열병합2-1CC,여주복합CC,안양열병합2-1CC,여주복합CC,안양열병합2-1CC,안양열병합2-1CC,여주복합CC,안양열병합2-1CC,안양열병합2-1CC,파주문산복합2CC,파주문산복합2CC,파주문산복합2CC,파주문산복합2CC,하동#5,하동#5,하동#5
2024-01-08,육지계통,하동#4,하동#5,하동#5,하동#5,하동#5,하동#5,하동#5,동탄열병합2CC,광양복합2CC,분당복합1CC,분당복합1CC,포천복합 1CC,평택복합2CC,동두천복합1CC,포천복합 1CC,무림파워텍열병합(중앙),동두천복합1CC,동두천복합1CC,평택복합2CC,포스코복합9CC,광양복합1CC,광양복합1CC,광양복합2CC,동탄열병합1CC
2024-01-09,육지계통,동탄열병합2CC,파주문산복합2CC,파주문산복합2CC,파주문산복합2CC,파주문산복합2CC,파주문산복합2CC,세종천연가스CC,동탄열병합1CC,동두천복합1CC,대전서남부열병합,양주열병합CC,양주열병합CC,안동복합CC,동두천복합1CC,양주열병합CC,아산배방열병합CC,동두천복합1CC,동두천복합1CC,평택복합2CC,인천복합3CC,포스코복합9CC,영남파워1CC,동탄열병합1CC,광양복합1CC
2024-01-10,육지계통,세종천연가스CC,여수#2,여수#2,여수#2,여수#2,여수#2,서울복합#1CC,동탄열병합1CC,포스코복합8CC,대전서남부열병합,인천복합2CC,분당복합2CC,포스코복합9CC,평택복합2CC,평택복합2CC,평택복합2CC,포스코복합9CC,오성복합CC,포스코복합9CC,포스코복합9CC,포스코복합9CC,동탄열병합1CC,동탄열병합1CC,동탄열병합1CC
2024-01-11,육지계통,세종천연가스CC,여수#2,여수#2,여수#2,여수#2,여수#2,파주문산복합2CC,포스코복합7CC,분당복합2CC,아산배방열병합CC,동두천복합1CC,춘천열병합CC,포스코복합7CC,포스코복합7CC,포스코복합7CC,포스코복합7CC,춘천열병합CC,춘천열병합CC,춘천열병합CC,오성복합CC,포스코복합7CC,포스코복합7CC,동탄열병합1CC,영남파워1CC
2024-01-12,육지계통,세종천연가스CC,여수#2,여수화력#1,하동#5,여수#2,여수화력#1,파주문산복합2CC,동탄열병합2CC,포스코복합7CC,일산복합1CC,평택복합2CC,포스코복합7CC,동탄열병합2CC,동탄열병합2CC,동탄열병합2CC,동탄열병합2CC,인천복합1CC,포스코복합7CC,인천복합1CC,포스코복합7CC,포스코복합7CC,동탄열병합2CC,안양열병합2-2CC,동탄열병합2CC
2024-01-13,육지계통,신평택복합CC,세종천연가스CC,파주문산복합2CC,파주문산복합2CC,파주문산복합2CC,파주문산복합2CC,세종천연가스CC,세종천연가스CC,세종천연가스CC,서울복합#1CC,서울복합#1CC,서울복합#1CC,파주문산복합2CC,파주문산복합2CC,파주문산복합2CC,파주문산복합2CC,서울복합#1CC,동탄열병합2CC,동탄열병합1CC,포스코복합7CC,동탄열병합1CC,안양열병합2-2CC,안양열병합2-2CC,신평택복합CC
2024-01-14,육지계통,안양열병합2-1CC,당진#1,당진#5,당진#5,당진#5,당진#1,당진#1,당진#1,여주복합CC,당진#8,당진#8,당진#8,당진#8,여주복합CC,여주복합CC,여주복합CC,안양열병합2-1CC,안양열병합2-1CC,서울복합#1CC,안양열병합2-1CC,GS당진복합1CC,GS당진복합1CC,안양열병합2-1CC,안양열병합2-1CC
2024-01-15,육지계통,GS당진복합1CC,하동#3,하동#3,하동#3,하동#3,하동#3,여수화력#1,동탄열병합1CC,분당복합2CC,분당복합1CC,분당복합1CC,화성열병합 CC#1,동두천복합1CC,동두천복합1CC,양주열병합CC,양주열병합CC,양주열병합CC,포천천연복합1CC,오성복합CC,광양복합2CC,광양복합2CC,광양복합2CC,광양복합2CC,광양복합2CC
2024-01-16,육지계통,동탄열병합1CC,서울복합#1CC,여수화력#1,여수화력#1,여수화력#1,여수화력#1,서울복합#2CC,동탄열병합1CC,동두천복합1CC,화성열병합 CC#1,포스코복합8CC,화성열병합 CC#1,평택복합2CC,동두천복합1CC,동두천복합1CC,동두천복합1CC,동두천복합1CC,평택복합2CC,평택복합2CC,인천복합3CC,포스코복합9CC,광양복합1CC,동탄열병합1CC,광양복합1CC
2024-01-17,육지계통,서울복합#2CC,파주문산복합1CC,파주문산복합1CC,파주문산복합1CC,파주문산복합1CC,파주문산복합1CC,서울복합#1CC,동탄열병합1CC,화성열병합 CC#1,화성열병합 CC#1,부천복합CC,화성열병합 CC#1,동두천복합1CC,양주열병합CC,오성복합CC,오성복합CC,양주열병합CC,동두천복합1CC,평택복합2CC,포스코복합9CC,포스코복합9CC,광양복합2CC,동탄열병합1CC,광양복합1CC
2024-01-18,육지계통,GS당진복합1CC,여수화력#1,여수화력#1,여수화력#1,여수화력#1,여수화력#1,서울복합#1CC,동탄열병합1CC,포스코복합9CC,분당복합1CC,신인천복합CC#2,신인천복합CC#1,포스코복합9CC,포스코복합9CC,오성복합CC,오성복합CC,포스코복합9CC,포스코복합9CC,포스코복합9CC,포스코복합9CC,동탄열병합1CC,동탄열병합1CC,신평택복합CC,동탄열병합1CC
2024-01-19,육지계통,GS당진복합1CC,여수화력#1,여수화력#1,여수화력#1,여수화력#1,여수화력#1,서울복합#1CC,동탄열병합1CC,양주열병합CC,대전열병합,오성복합CC,포스코복합9CC,포스코복합9CC,포스코복합9CC,포스코복합9CC,양주열병합CC,포스코복합9CC,포스코복합9CC,포스코복합9CC,춘천열병합CC,춘천열병합CC,동탄열병합1CC,신평택복합CC,동탄열병합1CC
2024-01-20,육지계통,파주문산복합1CC,여주복합CC,여주복합CC,하동#5,하동#5,여주복합CC,안양열병합2-1CC,안양열병합2-1CC,서울복합#2CC,신평택복합CC,신평택복합CC,신평택복합CC,서울복합#2CC,서울복합#2CC,동탄열병합2CC,서울복합#2CC,서울복합#2CC,서울복합#2CC,서울복합#2CC,서울복합#2CC,서울복합#1CC,서울복합#1CC,파주문산복합2CC,서울복합#1CC
2024-01-21,육지계통,동탄열병합2CC,안양열병합2-1CC,당진#1,당진#1,당진#1,당진#1,당진#1,당진#1,안양열병합2-1CC,서울복합#1CC,서울복합#1CC,안양열병합2-1CC,여주복합CC,서울복합#1CC,서울복합#1CC,파주문산복합2CC,서울복합#2CC,서울복합#2CC,서울복합#2CC,서울복합#2CC,서울복합#2CC,파주문산복합2CC,파주문산복합2CC,서울복합#1CC
2024-01-22,육지계통,서울복합#1CC,하동#6,하동#6,하동#6,하동#6,하동#6,여주복합CC,동탄열병합1CC,화성열병합 CC#1,일산복합1CC,일산복합1CC,포천복합 1CC,포스코복합9CC,포스코복합9CC,포천복합 1CC,부천복합CC,포스코복합9CC,포스코복합9CC,포스코복합9CC,포스코복합9CC,광양복합1CC,동탄열병합1CC,동탄열병합1CC,동탄열병합1CC
2024-01-23,육지계통,동탄열병합1CC,신평택복합CC,신평택복합CC,신평택복합CC,신평택복합CC,신평택복합CC,안양열병합2-2CC,양주열병합CC,포스코복합8CC,일산복합1CC,신인천복합CC#3,분당복합2CC,동두천복합1CC,동두천복합2CC,포천복합 1CC,무림파워텍열병합(중앙),수완열병합CC,부산복합1CC,포천복합 1CC,양주열병합CC,포천천연복합1CC,포천천연복합1CC,포천천연복합1CC,파주열병합1CC
2024-01-24,육지계통,파주열병합1CC,동탄열병합1CC,서울복합#1CC,서울복합#1CC,서울복합#1CC,서울복합#1CC,동탄열병합1CC,파주열병합1CC,화성열병합 CC#1,대전열병합,부산복합4CC,포천복합 1CC,동두천복합2CC,동두천복합2CC,포천천연복합1CC,포천천연복합1CC,신인천복합CC#2,양주열병합CC,양주열병합CC,포천천연복합1CC,포천천연복합1CC,포천천연복합1CC,포천천연복합1CC,포천천연복합1CC
2024-01-25,육지계통,동탄열병합1CC,서울복합#1CC,서울복합#1CC,서울복합#1CC,서울복합#1CC,서울복합#1CC,서울복합#2CC,포스코복합7CC,안동복합CC,분당복합1CC,포천천연복합1CC,포천천연복합1CC,평택복합2CC,포천천연복합1CC,포천천연복합1CC,화성열병합 CC#1,포천천연복합1CC,포천천연복합1CC,포천천연복합1CC,포천천연복합1CC,포천천연복합1CC,포천천연복합1CC,포천천연복합1CC,포천천연복합1CC
2024-01-26,육지계통,영남파워1CC,서울복합#1CC,서울복합#1CC,서울복합#1CC,서울복합#1CC,서울복합#1CC,동탄열병합1CC,영남파워1CC,동두천복합1CC,신인천복합CC#1,동두천복합2CC,신인천복합CC#4,포스코복합9CC,평택복합2CC,평택복합2CC,양주열병합CC,포스코복합8CC,양주열병합CC,광양복합2CC,광양복합2CC,광양복합2CC,광양복합2CC,동탄열병합1CC,광양복합2CC
2024-01-27,육지계통,파주문산복합2CC,GS당진복합1CC,여주복합CC,여주복합CC,여주복합CC,여주복합CC,안양열병합2-1CC,파주문산복합2CC,동탄열병합1CC,동탄열병합1CC,광교열병합CC,동탄열병합1CC,신평택복합CC,신평택복합CC,동탄열병합1CC,동탄열병합1CC,안양열병합2-2CC,동탄열병합1CC,동탄열병합1CC,동탄열병합1CC,안양열병합2-2CC,파주문산복합1CC,파주문산복합1CC,파주문산복합2CC
2024-01-28,육지계통,GS당진복합1CC,여주복합CC,당진#1,당진#1,당진#1,당진#1,여주복합CC,안양열병합2-1CC,안양열병합2-1CC,안양열병합2-1CC,안양열병합2-1CC,안양열병합2-1CC,안양열병합2-1CC,안양열병합2-1CC,안양열병합2-1CC,여주복합CC,안양열병합2-1CC,하동#7,파주문산복합2CC,파주문산복합2CC,파주문산복합2CC,GS당진복합1CC,GS당진복합1CC,GS당진복합1CC
2024-01-29,육지계통,하동#5,당진#6,당진#6,당진#6,당진#6,당진#1,안양열병합2-1CC,동탄열병합1CC,포천복합 1CC,분당복합1CC,포천복합 2CC,분당복합2CC,평택복합2CC,평택복합2CC,양주열병합CC,포천천연복합1CC,부천복합CC,포천천연복합1CC,오성복합CC,춘천열병합CC,동탄열병합1CC,동탄열병합1CC,동탄열병합1CC,동탄열병합1CC
2024-01-30,육지계통,동탄열병합1CC,GS당진복합1CC,여수#2,여수#2,여수#2,서울복합#1CC,서울복합#1CC,동탄열병합1CC,양주열병합CC,분당복합1CC,인천복합2CC,동두천복합2CC,평택복합2CC,분당복합1CC,포천천연복합1CC,양주열병합CC,화성열병합 CC#1,포천천연복합1CC,평택복합2CC,포스코복합9CC,포스코복합9CC,안산복합 CC,안산복합 CC,안산복합 CC
2024-01-31,육지계통,동탄열병합1CC,파주문산복합1CC,파주문산복합1CC,서울복합#1CC,파주문산복합1CC,파주문산복합1CC,서울복합#1CC,동탄열병합1CC,분당복합2CC,대전열병합,일산복합1CC,분당복합1CC,포천천연복합1CC,인천복합2CC,분당복합1CC,동두천복합2CC,오성복합CC,평택복합2CC,평택복합2CC,춘천열병합CC,동탄열병합1CC,동탄열병합1CC,동탄열병합1CC,동탄열병합1CC
2024-02-01,육지계통,서울복합#2CC,하동#4,하동#4,하동#4,하동#4,서울복합#1CC,서울복합#2CC,동탄열병합1CC,부천복합CC,분당복합1CC,분당복합1CC,분당복합1CC,동두천복합2CC,동두천복합2CC,동두천복합2CC,오성복합CC,동두천복합2CC,포스코복합9CC,포스코복합9CC,포스코복합9CC,신평택복합CC,동탄열병합1CC,동탄열병합1CC,동탄열병합1CC
2024-02-02,육지계통,광양복합2CC,서울복합#1CC,서울복합#1CC,서울복합#1CC,서울복합#1CC,서울복합#1CC,서울복합#2CC,동탄열병합1CC,포스코복합9CC,분당복합2CC,포스코복합8CC,춘천열병합CC,광양복합1CC,신평택복합CC,신평택복합CC,신평택복합CC,오성복합CC,신평택복합CC,신평택복합CC,신평택복합CC,신평택복합CC,신평택복합CC,광양복합1CC,신평택복합CC
2024-02-03,육지계통,서울복합#2CC,서울복합#1CC,서울복합#1CC,삼천포#3,삼천포#3,삼천포#3,서울복합#1CC,서울복합#1CC,서울복합#2CC,서울복합#1CC,서울복합#1CC,서울복합#1CC,파주문산복합1CC,서울복합#1CC,서울복합#2CC,서울복합#2CC,서울복합#2CC,서울복합#2CC,서울복합#2CC,서울복합#2CC,서울복합#1CC,서울복합#1CC,파주문산복합1CC,여수화력#1
2024-02-04,육지계통,서울복합#1CC,삼천포#3,삼천포#6,하동#7,삼천포#6,삼천포#3,삼천포#3,여주복합CC,파주문산복합1CC,파주문산복합1CC,서울복합#1CC,서울복합#1CC,여주복합CC,여주복합CC,여주복합CC,서울복합#2CC,서울복합#1CC,서울복합#2CC,서울복합#2CC,서울복합#2CC,서울복합#1CC,서울복합#1CC,서울복합#1CC,서울복합#1CC
2024-02-05,육지계통,서울복합#2CC,하동#4,하동#4,하동#4,하동#4,하동#4,여수화력#1,동탄열병합1CC,서인천복합1CC#1,대전열병합,울산복합CC#2,신인천복합CC#3,동두천복합2CC,부산복합4CC,신인천복합CC#3,일산복합1CC,신인천복합CC#1,포스코에너지복합6CC,포천복합 2CC,양주열병합CC,동두천복합1CC,동두천복합1CC,동두천복합1CC,파주열병합1CC
2024-02-06,육지계통,동탄열병합1CC,여수#2,여수#2,여수#2,여수#2,여수#2,광양복합2CC,영남파워1CC,양주열병합CC,분당복합1CC,분당복합2CC,분당복합2CC,동두천복합1CC,동두천복합2CC,동두천복합2CC,동두천복합2CC,동두천복합1CC,포천천연복합1CC,포스코복합9CC,영남파워1CC,영남파워1CC,영남파워1CC,안산복합 CC,안산복합 CC
2024-02-07,육지계통,동탄열병합1CC,동탄열병합1CC,서울복합#1CC,서울복합#2CC,서울복합#1CC,동탄열병합1CC,동탄열병합1CC,인천복합3CC,분당복합2CC,분당복합1CC,분당복합2CC,분당복합2CC,포천천연복합1CC,포천천연복합1CC,포천천연복합1CC,양주열병합CC,양주열병합CC,포천천연복합1CC,양주열병합CC,인천복합3CC,인천복합3CC,안산복합 CC,신평택복합CC,안산복합 CC
2024-02-08,육지계통,여수#2,여수화력#1,여주복합CC,북평화력#2,북평화력#2,여주복합CC,서울복합#1CC,서울복합#2CC,신평택복합CC,부천복합CC,신평택복합CC,안양열병합2-2CC,서울복합#1CC,하남열병합1CC,하남열병합1CC,서울복합#2CC,서울복합#2CC,서울복합#2CC,서울복합#2CC,파주문산복합2CC,파주문산복합2CC,파주문산복합2CC,파주문산복합2CC,서울복합#1CC
2024-02-09,육지계통,서울복합#2CC,서울복합#1CC,하동#4,하동#4,하동#4,하동#4,서울복합#1CC,삼천포#5,위례열병합CC,영흥#5,영흥#5,영흥#5,영흥#5,영흥#5,영흥#5,영흥#5,서울복합#1CC,서울복합#2CC,서울복합#1CC,서울복합#1CC,서울복합#1CC,서울복합#1CC,서울복합#1CC,서울복합#1CC
2024-02-13,육지계통,서울복합#1CC,하동#1,하동#1,하동#1,하동#1,하동#1,하동#5,서울복합#1CC,화성열병합 CC#1,일산복합1CC,분당복합1CC,분당복합1CC,안양열병합2-2CC,분당복합2CC,분당복합2CC,파주열병합1CC,분당복합2CC,안양열병합2-2CC,춘천열병합CC,신평택복합CC,서울복합#1CC,서울복합#2CC,서울복합#1CC,서울복합#2CC
2024-02-14,육지계통,서울복합#2CC,북평화력#1,북평화력#1,북평화력#1,북평화력#1,북평화력#1,서울복합#1CC,광양복합1CC,분당복합2CC,분당복합1CC,분당복합1CC,분당복합1CC,안양열병합2-2CC,분당복합1CC,화성열병합 CC#1,분당복합2CC,분당복합1CC,안양열병합2-2CC,안양열병합2-2CC,안산복합 CC,동탄열병합1CC,동탄열병합1CC,동탄열병합1CC,광양복합1CC
2024-02-15,육지계통,여수#2,북평화력#1,북평화력#1,북평화력#1,북평화력#1,북평화력#1,여수#2,서울복합#2CC,춘천열병합CC,분당복합1CC,분당복합2CC,분당복합2CC,신평택복합CC,분당복합2CC,분당복합2CC,광교열병합CC,신평택복합CC,신평택복합CC,신평택복합CC,신평택복합CC,안양열병합2-2CC,서울복합#2CC,서울복합#2CC,여수화력#1
2024-02-16,육지계통,서울복합#2CC,여수화력#1,여수#2,여수#2,여수#2,여수화력#1,서울복합#2CC,광양복합2CC,파주열병합1CC,분당복합1CC,안양열병합2-2CC,오성복합CC,신평택복합CC,신평택복합CC,신평택복합CC,신평택복합CC,신평택복합CC,신평택복합CC,광교열병합CC,신평택복합CC,서울복합#1CC,서울복합#1CC,서울복합#2CC,동탄열병합1CC
2024-02-17,육지계통,서울복합#1CC,서울복합#1CC,삼천포#4,서울복합#1CC,서울복합#1CC,여주복합CC,서울복합#1CC,파주문산복합1CC,서울복합#2CC,서울복합#2CC,서울복합#1CC,파주문산복합2CC,여주복합CC,여주복합CC,여주복합CC,여주복합CC,파주문산복합2CC,서울복합#2CC,서울복합#1CC,서울복합#1CC,서울복합#1CC,서울복합#1CC,서울복합#1CC,서울복합#1CC
2024-02-18,육지계통,파주문산복합1CC,서울복합#1CC,여주복합CC,삼천포#3,삼천포#3,여주복합CC,여주복합CC,여주복합CC,서울복합#1CC,파주문산복합1CC,파주문산복합1CC,파주문산복합2CC,파주문산복합2CC,파주문산복합1CC,파주문산복합1CC,파주문산복합2CC,파주문산복합1CC,파주문산복합1CC,서울복합#2CC,파주문산복합1CC,파주문산복합1CC,파주문산복합2CC,파주문산복합2CC,파주문산복합2CC
2024-02-19,육지계통,서울복합#1CC,삼척그린파워#2,삼척그린파워#2,삼척그린파워#2,삼척그린파워#2,삼척그린파워#2,북평화력#1,서울복합#1CC,동탄열병합1CC,분당복합2CC,분당복합2CC,분당복합2CC,신평택복합CC,분당복합2CC,분당복합1CC,분당복합1CC,파주열병합1CC,신평택복합CC,신평택복합CC,동탄열병합1CC,동탄열병합1CC,파주문산복합2CC,파주문산복합2CC,서울복합#1CC
2024-02-20,육지계통,서울복합#1CC,강릉안인1호기,강릉안인1호기,북평화력#2,강릉안인1호기,서울복합#1CC,서울복합#1CC,서울복합#1CC,분당복합1CC,분당복합1CC,분당복합1CC,화성열병합 CC#1,포스코복합9CC,인천복합2CC,분당복합1CC,포스코복합9CC,분당복합2CC,포스코복합9CC,춘천열병합CC,춘천열병합CC,신평택복합CC,동탄열병합1CC,서울복합#1CC,서울복합#2CC
2024-02-21,육지계통,파주문산복합1CC,북평화력#2,북평화력#2,북평화력#2,북평화력#2,서울복합#1CC,여주복합CC,서울복합#2CC,분당복합2CC,분당복합2CC,분당복합1CC,오성복합CC,포천천연복합1CC,화성열병합 CC#1,분당복합1CC,포천천연복합1CC,포스코복합9CC,춘천열병합CC,안양열병합2-2CC,안양열병합2-2CC,동탄열병합1CC,동탄열병합1CC,서울복합#1CC,동탄열병합1CC
2024-02-22,육지계통,파주문산복합1CC,서울복합#1CC,북평화력#2,북평화력#2,북평화력#2,여수#2,서울복합#1CC,광양복합1CC,분당복합1CC,분당복합2CC,부천복합CC,분당복합1CC,포스코복합9CC,오성복합CC,화성열병합 CC#1,분당복합1CC,포스코복합9CC,포스코복합9CC,안양열병합2-2CC,안양열병합2-2CC,신평택복합CC,동탄열병합1CC,동탄열병합1CC,동탄열병합1CC
2024-02-23,육지계통,파주문산복합1CC,서울복합#1CC,서울복합#1CC,북평화력#2,북평화력#2,서울복합#1CC,서울복합#2CC,동탄열병합1CC,분당복합1CC,부천복합CC,분당복합1CC,분당복합1CC,포스코복합9CC,분당복합1CC,분당복합1CC,화성열병합 CC#1,포스코복합9CC,춘천열병합CC,신평택복합CC,신평택복합CC,동탄열병합1CC,동탄열병합1CC,서울복합#2CC,서울복합#2CC
2024-02-24,육지계통,서울복합#1CC,파주문산복합2CC,여주복합CC,여주복합CC,여주복합CC,여주복합CC,서울복합#1CC,서울복합#1CC,동탄열병합1CC,분당복합1CC,파주열병합1CC,신평택복합CC,서울복합#1CC,서울복합#2CC,서울복합#2CC,파주문산복합2CC,서울복합#2CC,서울복합#2CC,동탄열병합1CC,서울복합#1CC,서울복합#1CC,파주문산복합1CC,파주문산복합1CC,서울복합#1CC
2024-02-25,육지계통,서울복합#1CC,서울복합#1CC,강릉안인2호기,강릉안인2호기,강릉안인2호기,강릉안인2호기,서울복합#1CC,서울복합#2CC,서울복합#1CC,서울복합#1CC,서울복합#2CC,서울복합#2CC,서울복합#2CC,여주복합CC,여주복합CC,여주복합CC,서울복합#1CC,서울복합#1CC,분당복합1CC,동탄열병합1CC,서울복합#1CC,서울복합#2CC,서울복합#1CC,서울복합#1CC
2024-02-26,육지계통,서울복합#2CC,서울복합#1CC,북평화력#2,강릉안인2호기,북평화력#2,북평화력#2,서울복합#1CC,광양복합1CC,분당복합1CC,분당복합1CC,분당복합1CC,분당복합1CC,포스코복합7CC,포스코복합7CC,포스코복합7CC,포스코복합7CC,오성복합CC,분당복합2CC,포스코복합8CC,포스코복합7CC,안양열병합2-2CC,안산복합 CC,안산복합 CC,안산복합 CC
2024-02-27,육지계통,광양복합1CC,서울복합#2CC,서울복합#1CC,여주복합CC,서울복합#1CC,광양복합2CC,광양복합2CC,화성열병합 CC#1,분당복합2CC,분당복합2CC,오성복합CC,양주열병합CC,포스코복합7CC,포스코복합7CC,포스코복합7CC,포스코복합7CC,양주열병합CC,파주열병합1CC,분당복합1CC,포스코복합7CC,안양열병합2-2CC,안양열병합2-2CC,신평택복합CC,신평택복합CC
2024-02-28,육지계통,서울복합#1CC,서울복합#1CC,여주복합CC,여주복합CC,여주복합CC,서울복합#2CC,서울복합#1CC,신평택복합CC,분당복합1CC,분당복합1CC,분당복합1CC,오성복합CC,포천천연복합1CC,오성복합CC,포천천연복합1CC,포천천연복합1CC,파주열병합1CC,포스코복합9CC,파주열병합1CC,포스코복합9CC,포스코복합9CC,춘천열병합CC,신평택복합CC,신평택복합CC
2024-02-29,육지계통,서울복합#1CC,GS당진복합1CC,GS당진복합1CC,GS당진복합1CC,GS당진복합1CC,서울복합#1CC,광양복합2CC,안양열병합2-2CC,화성열병합 CC#1,부천복합CC,분당복합1CC,포천복합 1CC,포천천연복합1CC,분당복합1CC,인천복합2CC,포천천연복합1CC,인천복합2CC,포천천연복합1CC,포천천연복합1CC,춘천열병합CC,신평택복합CC,신평택복합CC,신평택복합CC,신평택복합CC
2024-03-01,육지계통,서울복합#1CC,신평택복합CC,신서천화력1호기,신서천화력1호기,신서천화력1호기,서울복합#2CC,서울복합#1CC,서울복합#1CC,서울복합#1CC,서울복합#1CC,서울복합#1CC,서울복합#1CC,파주문산복합1CC,파주문산복합2CC,파주문산복합2CC,파주문산복합2CC,서울복합#2CC,동탄열병합1CC,서울복합#1CC,서울복합#1CC,서울복합#1CC,서울복합#1CC,서울복합#1CC,서울복합#1CC
2024-03-02,육지계통,파주문산복합2CC,서울복합#1CC,신평택복합CC,여주복합CC,여주복합CC,신평택복합CC,서울복합#1CC,파주문산복합1CC,파주문산복합1CC,파주문산복합1CC,파주문산복합1CC,신평택복합CC,신평택복합CC,신평택복합CC,서울복합#1CC,서울복합#2CC,서울복합#1CC,서울복합#2CC,서울복합#2CC,서울복합#2CC,서울복합#2CC,서울복합#2CC,서울복합#2CC,서울복합#1CC
2024-03-03,육지계통,서울복합#1CC,서울복합#2CC,서울복합#1CC,서울복합#1CC,서울복합#1CC,서울복합#1CC,서울복합#1CC,서울복합#1CC,신평택복합CC,서울복합#1CC,서울복합#2CC,서울복합#2CC,신평택복합CC,신평택복합CC,신평택복합CC,신평택복합CC,신평택복합CC,파주문산복합2CC,서울복합#1CC,서울복합#1CC,서울복합#1CC,서울복합#2CC,서울복합#1CC,서울복합#1CC
2024-03-04,육지계통,서울복합#1CC,보령#6,삼천포#5,삼천포#5,삼천포#5,삼천포#5,안양열병합2-1CC,서울복합#1CC,일산복합2CC,부천복합CC,인천복합2CC,분당복합2CC,포스코복합9CC,오성복합CC,포스코복합8CC,포스코복합8CC,포스코복합9CC,포스코복합9CC,인천복합3CC,인천복합3CC,포스코복합7CC,동탄열병합1CC,서울복합#1CC,서울복합#1CC
2024-03-05,육지계통,서울복합#2CC,신평택복합CC,신평택복합CC,신평택복합CC,신평택복합CC,신평택복합CC,서울복합#1CC,서울복합#1CC,분당복합1CC,아산배방열병합CC,포천복합 1CC,인천복합2CC,포스코복합9CC,인천복합2CC,오성복합CC,화성열병합 CC#1,오성복합CC,분당복합2CC,분당복합2CC,포스코복합8CC,분당복합2CC,분당복합2CC,동탄열병합1CC,동탄열병합1CC
2024-03-06,육지계통,서울복합#1CC,신평택복합CC,신평택복합CC,신평택복합CC,신평택복합CC,신평택복합CC,서울복합#1CC,안양열병합2-2CC,분당복합1CC,부천복합CC,분당복합1CC,분당복합1CC,포천천연복합1CC,인천복합2CC,인천복합2CC,분당복합1CC,파주열병합1CC,포천천연복합1CC,포천천연복합1CC,포천천연복합1CC,포천천연복합1CC,포천천연복합1CC,포천천연복합1CC,포천천연복합1CC
2024-03-07,육지계통,서울복합#1CC,신평택복합CC,서울복합#1CC,서울복합#1CC,서울복합#1CC,신평택복합CC,서울복합#1CC,서울복합#1CC,분당복합1CC,일산복합1CC,일산복합1CC,분당복합1CC,동두천복합1CC,분당복합1CC,동두천복합1CC,포스코복합9CC,포스코복합9CC,포스코복합9CC,파주열병합1CC,포스코복합7CC,인천복합3CC,안양열병합2-2CC,동탄열병합1CC,동탄열병합1CC
2024-03-08,육지계통,서울복합#2CC,서울복합#1CC,신평택복합CC,서울복합#1CC,신평택복합CC,파주문산복합1CC,서울복합#1CC,안양열병합2-2CC,분당복합1CC,부천복합CC,오성복합CC,분당복합1CC,동두천복합1CC,분당복합1CC,분당복합1CC,분당복합1CC,동두천복합1CC,포스코복합9CC,포스코복합8CC,포스코복합9CC,광교열병합CC,서울복합#1CC,서울복합#1CC,동탄열병합1CC
2024-03-09,육지계통,화성열병합 CC#1,서울복합#1CC,서울복합#1CC,서울복합#2CC,서울복합#1CC,서울복합#1CC,화성열병합 CC#1,화성열병합 CC#1,서울복합#1CC,서울복합#1CC,서울복합#2CC,서울복합#1CC,파주문산복합1CC,서울복합#2CC,파주문산복합1CC,파주문산복합1CC,서울복합#1CC,파주열병합1CC,파주열병합1CC,양주열병합CC,분당복합1CC,분당복합1CC,분당복합1CC,분당복합2CC
2024-03-10,육지계통,화성열병합 CC#1,안산복합 CC,서울복합#1CC,서울복합#1CC,서울복합#1CC,안산복합 CC,분당복합2CC,안산복합 CC,서울복합#1CC,여주복합CC,여주복합CC,여주복합CC,여주복합CC,한빛#2,서울복합#1CC,여주복합CC,파주문산복합2CC,서울복합#2CC,안산복합 CC,안산복합 CC,안산복합 CC,안산복합 CC,안산복합 CC,분당복합1CC
2024-03-11,육지계통,서울복합#2CC,서울복합#1CC,삼천포#4,삼천포#4,삼천포#4,삼천포#4,서울복합#2CC,서울복합#1CC,부산복합4CC,아산배방열병합CC,포천복합 2CC,동두천복합1CC,동두천복합1CC,동두천복합1CC,동두천복합1CC,분당복합2CC,동두천복합1CC,동두천복합1CC,동두천복합1CC,동두천복합1CC,동두천복합1CC,동두천복합1CC,동두천복합1CC,안산복합 CC
2024-03-12,육지계통,포스코복합7CC,서울복합#1CC,서울복합#1CC,서울복합#1CC,서울복합#1CC,서울복합#1CC,안산복합 CC,분당복합2CC,포천복합 1CC,아산배방열병합CC,신인천복합CC#3,신인천복합CC#3,포천복합 1CC,포천복합 1CC,포천복합 1CC,포천복합 2CC,포천복합 1CC,포천복합 1CC,포천복합 1CC,포천복합 1CC,동두천복합2CC,안동복합CC,포천복합 1CC,포천복합 1CC
2024-03-13,육지계통,포스코복합9CC,서울복합#1CC,서울복합#1CC,서울복합#1CC,서울복합#1CC,서울복합#1CC,안산복합 CC,오성복합CC,인천복합2CC,분당복합1CC,오성복합CC,오성복합CC,오성복합CC,오성복합CC,오성복합CC,오성복합CC,오성복합CC,오성복합CC,오성복합CC,오성복합CC,오성복합CC,오성복합CC,동두천복합1CC,분당복합2CC
2024-03-14,육지계통,동탄열병합1CC,포스코에너지복합4CC,서울복합#1CC,광양복합1CC,서울복합#2CC,동탄열병합1CC,동탄열병합1CC,분당복합2CC,일산복합1CC,분당복합1CC,분당복합1CC,포스코복합9CC,안양열병합2-2CC,안양열병합2-2CC,안양열병합2-2CC,안양열병합2-2CC,안양열병합2-2CC,포스코복합9CC,동두천복합2CC,동두천복합2CC,파주열병합1CC,파주열병합1CC,안산복합 CC,안산복합 CC
2024-03-15,육지계통,포스코복합7CC,포스코에너지복합3CC,포스코에너지복합3CC,광양복합1CC,포스코에너지복합3CC,안양열병합2-2CC,안산복합 CC,안산복합 CC,화성열병합 CC#1,안양열병합2-2CC,포스코복합7CC,인천복합3CC,서울복합#1CC,파주문산복합2CC,서울복합#2CC,동탄열병합1CC,포스코에너지복합3CC,포스코에너지복합4CC,영남파워1CC,영남파워1CC,영남파워1CC,안산복합 CC,안산복합 CC,안산복합 CC
2024-03-16,육지계통,안산복합 CC,안산복합 CC,안산복합 CC,안양열병합2-2CC,안산복합 CC,안산복합 CC,안산복합 CC,화성열병합 CC#1,포스코에너지복합4CC,서울복합#1CC,서울복합#1CC,신평택복합CC,서울복합#2CC,신평택복합CC,서울복합#2CC,서울복합#1CC,서울복합#2CC,춘천열병합CC,포스코복합9CC,안산복합 CC,안산복합 CC,안산복합 CC,안산복합 CC,안산복합 CC
2024-03-17,육지계통,춘천열병합CC,서울복합#2CC,신평택복합CC,신평택복합CC,신평택복합CC,포스코에너지복합3CC,포스코에너지복합3CC,포스코에너지복합3CC,서울복합#1CC,신평택복합CC,안양열병합2-1CC,서울복합#1CC,춘천열병합CC,안양열병합2-1CC,서울복합#2CC,여주복합CC,여주복합CC,서울복합#1CC,춘천열병합CC,춘천열병합CC,안산복합 CC,안산복합 CC,안산복합 CC,안산복합 CC
2024-03-18,육지계통,춘천열병합CC,서울복합#1CC,보령#6,보령#6,보령#6,신평택복합CC,서울복합#1CC,춘천열병합CC,포스코복합9CC,부천복합CC,부천복합CC,양주열병합CC,포스코복합9CC,양주열병합CC,포스코복합9CC,파주열병합1CC,포스코복합9CC,포스코복합9CC,포스코복합9CC,포스코복합9CC,포스코복합9CC,포스코복합7CC,안산복합 CC,안산복합 CC
2024-03-19,육지계통,포스코에너지복합3CC,광양복합2CC,광양복합2CC,광양복합2CC,광양복합2CC,광양복합1CC,포스코에너지복합4CC,포스코복합7CC,포스코복합9CC,분당복합1CC,양주열병합CC,양주열병합CC,포스코복합9CC,양주열병합CC,양주열병합CC,파주열병합1CC,포스코복합9CC,영남파워1CC,춘천열병합CC,춘천열병합CC,영남파워1CC,영남파워1CC,안산복합 CC,안산복합 CC
2024-03-20,육지계통,포스코에너지복합3CC,서울복합#1CC,광양복합1CC,광양복합1CC,광양복합1CC,포스코에너지복합3CC,안양열병합2-2CC,동탄열병합2CC,파주열병합1CC,포스코복합9CC,포스코복합9CC,인천복합3CC,포스코에너지복합3CC,포스코에너지복합3CC,포스코에너지복합4CC,동탄열병합1CC,안양열병합2-2CC,안양열병합2-2CC,포스코복합9CC,영남파워1CC,영남파워1CC,영남파워1CC,안산복합 CC,안산복합 CC
2024-03-21,육지계통,동탄열병합1CC,서울복합#1CC,광양복합1CC,광양복합1CC,서울복합#1CC,동탄열병합1CC,동탄열병합1CC,파주열병합1CC,춘천열병합CC,포스코복합9CC,춘천열병합CC,춘천열병합CC,동탄열병합1CC,춘천열병합CC,춘천열병합CC,춘천열병합CC,춘천열병합CC,춘천열병합CC,춘천열병합CC,영남파워1CC,영남파워1CC,영남파워1CC,안산복합 CC,안산복합 CC
2024-03-22,육지계통,파주열병합1CC,파주열병합1CC,포스코에너지복합3CC,포스코에너지복합3CC,안산복합 CC,안산복합 CC,화성열병합 CC#1,화성열병합 CC#1,안동복합CC,안동복합CC,포스코복합7CC,안양열병합2-2CC,서울복합#2CC,포스코에너지복합3CC,포스코에너지복합3CC,파주열병합1CC,파주열병합1CC,파주열병합1CC,파주열병합1CC,안동복합CC,안동복합CC,안동복합CC,안산복합 CC,오성복합CC
2024-03-23,육지계통,안동복합CC,안산복합 CC,동탄열병합1CC,포스코에너지복합4CC,안양열병합2-2CC,안산복합 CC,안산복합 CC,안산복합 CC,안산복합 CC,서울복합#2CC,동탄열병합1CC,동탄열병합1CC,서울복합#2CC,서울복합#2CC,서울복합#2CC,신평택복합CC,신평택복합CC,광양복합1CC,안산복합 CC,안산복합 CC,안산복합 CC,안산복합 CC,안산복합 CC,안산복합 CC
2024-03-24,육지계통,동탄열병합1CC,광양복합1CC,광양복합1CC,서울복합#2CC,광양복합1CC,포스코에너지복합3CC,포스코에너지복합3CC,포스코에너지복합3CC,신평택복합CC,서울복합#2CC,서울복합#2CC,파주문산복합1CC,신평택복합CC,신평택복합CC,신평택복합CC,여주복합CC,신평택복합CC,광양복합1CC,포스코에너지복합4CC,포스코에너지복합4CC,포스코에너지복합4CC,동탄열병합1CC,동탄열병합1CC,동탄열병합1CC
2024-03-25,육지계통,포스코에너지복합3CC,서울복합#2CC,서울복합#2CC,서울복합#2CC,서울복합#2CC,서울복합#2CC,분당복합1CC,분당복합1CC,포천복합 1CC,판교열병합1CC,포천복합 1CC,동두천복합2CC,안동복합CC,포천복합 1CC,포천복합 1CC,포천복합 1CC,동두천복합2CC,동두천복합2CC,포천복합 1CC,동두천복합2CC,동두천복합2CC,동두천복합1CC,동두천복합1CC,동두천복합1CC
2024-03-26,육지계통,춘천열병합CC,포스코에너지복합3CC,포스코에너지복합3CC,포스코에너지복합3CC,포스코에너지복합3CC,포스코에너지복합3CC,동탄열병합1CC,안산복합 CC,오성복합CC,인천공항복합1CC,오성복합CC,동두천복합1CC,포스코에너지복합3CC,동두천복합1CC,동두천복합1CC,동두천복합1CC,동두천복합1CC,오성복합CC,오성복합CC,오성복합CC,오성복합CC,동두천복합1CC,오성복합CC,동두천복합1CC
2024-03-27,육지계통,춘천열병합CC,포스코에너지복합3CC,포스코에너지복합3CC,포스코에너지복합3CC,포스코에너지복합3CC,포스코에너지복합3CC,안산복합 CC,안산복합 CC,오성복합CC,분당복합1CC,분당복합1CC,오성복합CC,춘천열병합CC,오성복합CC,오성복합CC,분당복합1CC,분당복합1CC,동두천복합1CC,오성복합CC,오성복합CC,동두천복합1CC,분당복합1CC,안산복합 CC,동두천복합1CC
2024-03-28,육지계통,포스코에너지복합3CC,포스코에너지복합3CC,포스코에너지복합3CC,포스코에너지복합3CC,포스코에너지복합3CC,포스코에너지복합3CC,포스코에너지복합3CC,파주열병합1CC,동두천복합1CC,분당복합1CC,오성복합CC,오성복합CC,포스코복합9CC,오성복합CC,분당복합1CC,분당복합1CC,오성복합CC,오성복합CC,오성복합CC,오성복합CC,동두천복합1CC,포스코복합8CC,안산복합 CC,파주열병합1CC
2024-03-29,육지계통,포스코복합7CC,포스코에너지복합3CC,포스코에너지복합3CC,포스코에너지복합3CC,포스코에너지복합3CC,포스코에너지복합3CC,안산복합 CC,안산복합 CC,분당복합1CC,안산복합 CC,동탄열병합2CC,포스코에너지복합3CC,포스코에너지복합3CC,포스코에너지복합3CC,포스코에너지복합3CC,동탄열병합2CC,파주열병합1CC,영남파워1CC,파주열병합1CC,파주열병합1CC,분당복합1CC,분당복합1CC,안산복합 CC,안산복합 CC
2024-03-30,육지계통,안산복합 CC,안산복합 CC,포스코에너지복합3CC,포스코에너지복합3CC,포스코에너지복합3CC,안산복합 CC,안산복합 CC,안양열병합2-2CC,포스코에너지복합3CC,포스코에너지복합3CC,파주열병합1CC,포스코에너지복합3CC,포스코에너지복합3CC,포스코에너지복합3CC,포스코에너지복합3CC,서울복합#2CC,포스코에너지복합4CC,포스코에너지복합3CC,광교열병합CC,포스코복합7CC,포스코복합7CC,포스코복합7CC,포스코복합7CC,파주열병합1CC
2024-03-31,육지계통,포스코에너지복합4CC,포스코에너지복합4CC,포스코에너지복합3CC,포스코에너지복합4CC,포스코에너지복합3CC,포스코에너지복합4CC,파주열병합1CC,광교열병합CC,파주문산복합1CC,파주문산복합1CC,서울복합#2CC,파주문산복합1CC,여주복합CC,여주복합CC,서울복합#2CC,서울복합#2CC,파주문산복합1CC,포스코에너지복합4CC,광교열병합CC,포스코에너지복합4CC,포스코에너지복합4CC,파주열병합1CC,포스코에너지복합4CC,광교열병합CC
2024-04-01,육지계통,포스코에너지복합3CC,신평택복합CC,삼천포#5,보령#6,삼천포#5,신평택복합CC,서울복합#2CC,안양열병합2-2CC,분당복합1CC,안산복합 CC,포스코에너지복합4CC,포스코에너지복합3CC,신평택복합CC,신평택복합CC,서울복합#1CC,안양열병합2-2CC,동탄열병합2CC,동탄열병합2CC,춘천열병합CC,춘천열병합CC,안산복합 CC,안산복합 CC,안산복합 CC,안산복합 CC
2024-04-02,육지계통,안양열병합2-2CC,포스코에너지복합3CC,포스코에너지복합3CC,신서천화력1호기,포스코에너지복합3CC,포스코에너지복합3CC,안산복합 CC,동탄열병합2CC,동탄열병합2CC,동탄열병합2CC,인천복합3CC,안양열병합2-2CC,포스코에너지복합3CC,안양열병합2-2CC,광교열병합CC,춘천열병합CC,파주열병합1CC,동탄열병합2CC,분당복합1CC,동탄열병합2CC,분당복합1CC,동탄열병합2CC,동탄열병합2CC,안산복합 CC
2024-04-03,육지계통,포스코에너지복합3CC,분당복합1CC,포스코에너지복합3CC,포스코에너지복합3CC,포스코에너지복합3CC,포스코에너지복합3CC,안양열병합2-2CC,안산복합 CC,안동복합CC,노원열병합#1,분당복합1CC,포천복합 2CC,동두천복합1CC,포천복합 2CC,포천복합 2CC,노원열병합#1,동두천복합2CC,동두천복합2CC,동두천복합2CC,동두천복합2CC,동두천복합1CC,동두천복합1CC,분당복합2CC,파주열병합1CC
2024-04-04,육지계통,노원열병합#1,노원열병합#1,포스코에너지복합3CC,동해#1,포스코에너지복합3CC,노원열병합#1,노원열병합#1,영남파워1CC,영남파워1CC,노원열병합#1,동두천복합2CC,동두천복합2CC,동두천복합1CC,동두천복합2CC,동두천복합2CC,노원열병합#1,파주열병합1CC,동두천복합1CC,동두천복합1CC,노원열병합#1,동두천복합1CC,안산복합 CC,안산복합 CC,안산복합 CC
2024-04-05,육지계통,노원열병합#1,노원열병합#1,동해#1,신평택복합CC,동해#1,동해#1,노원열병합#1,노원열병합#1,안산복합 CC,노원열병합#1,포스코복합9CC,춘천열병합CC,춘천열병합CC,동두천복합2CC,동두천복합2CC,춘천열병합CC,춘천열병합CC,노원열병합#1,분당복합2CC,춘천열병합CC,안산복합 CC,안산복합 CC,안산복합 CC,노원열병합#1
2024-04-06,육지계통,포스코에너지복합4CC,서울복합#2CC,신평택복합CC,신평택복합CC,신평택복합CC,서울복합#2CC,서울복합#2CC,서울복합#2CC,신평택복합CC,서울복합#2CC,신평택복합CC,신평택복합CC,신평택복합CC,신평택복합CC,신평택복합CC,신평택복합CC,신평택복합CC,동탄열병합1CC,서울복합#2CC,노원열병합#1,노원열병합#1,노원열병합#1,노원열병합#1,노원열병합#1
2024-04-07,육지계통,서울복합#2CC,파주문산복합2CC,여주복합CC,여주복합CC,신평택복합CC,서울복합#2CC,서울복합#2CC,서울복합#2CC,파주문산복합1CC,파주문산복합1CC,파주문산복합1CC,파주문산복합1CC,파주문산복합2CC,파주문산복합1CC,파주문산복합1CC,파주문산복합2CC,신평택복합CC,노원열병합#1,노원열병합#1,동탄열병합1CC,서울복합#2CC,서울복합#2CC,서울복합#2CC,서울복합#2CC
2024-04-08,육지계통,서울복합#2CC,서울복합#2CC,신평택복합CC,서울복합#2CC,서울복합#2CC,서울복합#2CC,포스코에너지복합4CC,노원열병합#1,노원열병합#1,노원열병합#1,포스코복합9CC,인천복합2CC,포스코복합7CC,포스코복합7CC,인천복합2CC,인천복합2CC,포스코복합9CC,노원열병합#1,포스코복합9CC,포스코복합9CC,안산복합 CC,안양열병합2-2CC,노원열병합#1,노원열병합#1
2024-04-09,육지계통,서울복합#2CC,신평택복합CC,삼천포#3,삼천포#3,삼천포#3,신평택복합CC,노원열병합#1,노원열병합#1,분당복합2CC,분당복합2CC,포스코복합7CC,안양열병합2-2CC,포스코에너지복합4CC,노원열병합#1,안양열병합2-2CC,안양열병합2-2CC,안양열병합2-2CC,분당복합2CC,포스코복합9CC,포스코복합9CC,포스코복합7CC,안양열병합2-2CC,노원열병합#1,노원열병합#1
2024-04-10,육지계통,동탄열병합1CC,서울복합#2CC,신평택복합CC,신평택복합CC,서울복합#2CC,안산복합 CC,안산복합 CC,안산복합 CC,포스코에너지복합3CC,안양열병합2-2CC,안산복합 CC,동탄열병합1CC,동탄열병합1CC,안양열병합2-2CC,동탄열병합1CC,안양열병합2-2CC,포스코에너지복합3CC,포스코에너지복합4CC,안산복합 CC,안산복합 CC,안산복합 CC,안산복합 CC,안산복합 CC,포스코복합9CC
2024-04-11,육지계통,서울복합#2CC,신평택복합CC,삼천포#4,삼천포#4,삼천포#4,신평택복합CC,서울복합#2CC,포스코에너지복합4CC,화성열병합 CC#1,화성열병합 CC#1,포스코복합9CC,분당복합2CC,포스코에너지복합4CC,분당복합2CC,포스코에너지복합4CC,화성열병합 CC#1,포스코에너지복합4CC,광교열병합CC,포스코복합7CC,분당복합2CC,포스코복합9CC,신서천화력1호기,파주열병합1CC,동탄열병합1CC
2024-04-12,육지계통,서울복합#2CC,서울복합#2CC,삼천포#4,삼천포#4,삼천포#4,신평택복합CC,서울복합#2CC,서울복합#2CC,포스코복합9CC,분당복합2CC,분당복합2CC,분당복합2CC,포스코에너지복합4CC,포스코에너지복합4CC,포스코에너지복합4CC,포스코에너지복합4CC,포스코에너지복합4CC,서울복합#1CC,서울복합#1CC,서울복합#2CC,서울복합#1CC,서울복합#1CC,서울복합#1CC,서울복합#1CC
2024-04-13,육지계통,서울복합#1CC,서울복합#1CC,삼천포#3,삼천포#3,삼천포#3,서울복합#1CC,서울복합#1CC,서울복합#1CC,파주문산복합1CC,파주문산복합1CC,파주문산복합1CC,파주문산복합2CC,파주문산복합1CC,파주문산복합2CC,파주문산복합2CC,파주문산복합2CC,파주문산복합2CC,신평택복합CC,신평택복합CC,서울복합#1CC,서울복합#1CC,서울복합#1CC,서울복합#1CC,동탄열병합1CC
2024-04-14,육지계통,서울복합#1CC,파주문산복합2CC,여주복합CC,여주복합CC,여주복합CC,서울복합#1CC,서울복합#1CC,파주문산복합2CC,파주문산복합2CC,서울복합#1CC,서울복합#1CC,서울복합#1CC,파주문산복합2CC,파주문산복합2CC,파주문산복합2CC,포스코에너지복합4CC,포스코에너지복합4CC,포스코복합7CC,포스코에너지복합4CC,파주열병합1CC,포스코복합7CC,포스코에너지복합4CC,포스코에너지복합4CC,서울복합#1CC
2024-04-15,육지계통,서울복합#1CC,서울복합#1CC,여주복합CC,여주복합CC,여주복합CC,여주복합CC,파주문산복합2CC,동탄열병합2CC,분당복합2CC,판교열병합1CC,판교열병합1CC,분당복합2CC,포스코복합9CC,동탄열병합1CC,분당복합2CC,분당복합2CC,동탄열병합1CC,동탄열병합1CC,동탄열병합1CC,동탄열병합1CC,안산복합 CC,안산복합 CC,안산복합 CC,동탄열병합2CC
2024-04-16,육지계통,동탄열병합2CC,포스코에너지복합4CC,서울복합#1CC,신평택복합CC,서울복합#1CC,서울복합#1CC,동탄열병합2CC,안산복합 CC,안산복합 CC,판교열병합1CC,춘천열병합CC,춘천열병합CC,포스코복합7CC,포스코복합7CC,포스코복합7CC,춘천열병합CC,춘천열병합CC,포스코복합7CC,춘천열병합CC,분당복합2CC,안산복합 CC,안산복합 CC,안산복합 CC,안산복합 CC
2024-04-17,육지계통,동탄열병합2CC,동탄열병합2CC,포스코에너지복합3CC,동해#1,포스코에너지복합3CC,포스코에너지복합3CC,포스코에너지복합3CC,안산복합 CC,안산복합 CC,안산복합 CC,양주열병합CC,안양열병합2-2CC,동탄열병합2CC,안양열병합2-2CC,안양열병합2-2CC,안양열병합2-2CC,안양열병합2-2CC,춘천열병합CC,춘천열병합CC,안동복합CC,안동복합CC,안동복합CC,안산복합 CC,안산복합 CC
2024-04-18,육지계통,포스코에너지복합3CC,신평택복합CC,신평택복합CC,신평택복합CC,서울복합#1CC,동탄열병합2CC,동탄열병합2CC,동탄열병합2CC,안산복합 CC,안양열병합2-2CC,안양열병합2-2CC,안양열병합2-2CC,동탄열병합2CC,안양열병합2-2CC,안양열병합2-2CC,안양열병합2-2CC,춘천열병합CC,포스코복합9CC,춘천열병합CC,춘천열병합CC,안산복합 CC,영남파워1CC,안산복합 CC,안양열병합2-2CC
2024-04-19,육지계통,포스코에너지복합3CC,신평택복합CC,여주복합CC,여주복합CC,여주복합CC,서울복합#1CC,서울복합#1CC,포스코에너지복합3CC,포스코에너지복합3CC,포스코에너지복합3CC,신평택복합CC,신평택복합CC,신평택복합CC,신평택복합CC,신평택복합CC,서울복합#1CC,동탄열병합2CC,동탄열병합2CC,대구그린파워 CC,포스코복합7CC,포스코복합7CC,포스코복합7CC,동탄열병합2CC,동탄열병합2CC
2024-04-20,육지계통,포스코에너지복합3CC,파주문산복합2CC,여주복합CC,서울복합#1CC,서울복합#1CC,서울복합#1CC,서울복합#1CC,서울복합#1CC,포스코에너지복합3CC,포스코에너지복합3CC,포스코에너지복합3CC,포스코에너지복합3CC,포스코에너지복합3CC,포스코에너지복합3CC,아산배방열병합CC,아산배방열병합CC,아산배방열병합CC,안산복합 CC,안산복합 CC,아산배방열병합CC,안산복합 CC,안산복합 CC,안산복합 CC,포스코에너지복합4CC
2024-04-21,육지계통,서울복합#1CC,서울복합#1CC,삼천포#4,삼천포#4,삼천포#4,삼천포#4,서울복합#1CC,삼천포#4,당진#4,서울복합#1CC,삼천포#4,당진#4,당진#4,파주문산복합2CC,파주문산복합2CC,파주문산복합2CC,파주문산복합2CC,파주문산복합1CC,포스코에너지복합4CC,포스코에너지복합3CC,포스코에너지복합3CC,포스코에너지복합3CC,포스코에너지복합3CC,동탄열병합1CC
2024-04-22,육지계통,서울복합#1CC,서울복합#1CC,파주문산복합2CC,파주문산복합2CC,서울복합#1CC,파주문산복합2CC,동탄열병합2CC,포스코에너지복합3CC,별내열병합CC,안동복합CC,안동복합CC,동탄열병합1CC,신평택복합CC,동탄열병합1CC,안동복합CC,안동복합CC,안동복합CC,안동복합CC,포천복합 1CC,포천복합 1CC,포천복합 1CC,안동복합CC,안동복합CC,안산복합 CC
2024-04-23,육지계통,아산배방열병합CC,동탄열병합1CC,동탄열병합1CC,포스코에너지복합3CC,동탄열병합1CC,동탄열병합1CC,안산복합 CC,안산복합 CC,판교열병합1CC,안산복합 CC,안양열병합2-2CC,포스코복합8CC,안양열병합2-2CC,안양열병합2-2CC,춘천열병합CC,파주열병합1CC,동두천복합2CC,동두천복합2CC,아산배방열병합CC,포천복합 1CC,포천복합 1CC,동두천복합2CC,안동복합CC,안산복합 CC
2024-04-24,육지계통,포스코에너지복합3CC,동탄열병합1CC,포스코에너지복합3CC,포스코에너지복합3CC,포스코에너지복합3CC,동탄열병합1CC,안산복합 CC,안산복합 CC,화성열병합 CC#1,안동복합CC,일산복합2CC,인천복합2CC,포스코복합9CC,동두천복합2CC,인천복합2CC,포스코복합9CC,포스코복합9CC,안동복합CC,동두천복합2CC,인천복합2CC,별내열병합CC,동두천복합2CC,일산복합2CC,화성열병합 CC#1
2024-04-25,육지계통,안산복합 CC,안산복합 CC,안산복합 CC,동탄열병합1CC,안산복합 CC,안산복합 CC,안동복합CC,안산복합 CC,안동복합CC,안산복합 CC,포스코복합7CC,포스코복합7CC,포스코에너지복합3CC,안양열병합2-2CC,안양열병합2-2CC,안양열병합2-2CC,춘천열병합CC,포스코복합9CC,분당복합2CC,동두천복합2CC,동두천복합2CC,안산복합 CC,안산복합 CC,안산복합 CC
2024-04-26,육지계통,화성열병합 CC#1,동탄열병합2CC,동탄열병합2CC,포스코에너지복합3CC,포스코에너지복합3CC,동탄열병합2CC,안산복합 CC,안산복합 CC,안산복합 CC,동탄열병합1CC,동탄열병합1CC,동탄열병합1CC,안양열병합2-2CC,동탄열병합1CC,동탄열병합1CC,동탄열병합1CC,분당복합2CC,분당복합2CC,분당복합2CC,분당복합2CC,분당복합2CC,분당복합2CC,동탄열병합1CC,안산복합 CC
2024-04-27,육지계통,안산복합 CC,안산복합 CC,안산복합 CC,포스코에너지복합3CC,포스코에너지복합3CC,안산복합 CC,일산복합2CC,아산배방열병합CC,포스코에너지복합3CC,포스코에너지복합3CC,포스코에너지복합3CC,포스코에너지복합3CC,별내열병합CC,포스코에너지복합3CC,포스코에너지복합3CC,포스코에너지복합3CC,포스코에너지복합3CC,동탄열병합2CC,아산배방열병합CC,안산복합 CC,아산배방열병합CC,안산복합 CC,안산복합 CC,안산복합 CC
2024-04-28,육지계통,서울복합#1CC,양산열병합CC,양산열병합CC,양산열병합CC,서울복합#1CC,서울복합#1CC,GS당진복합1CC,신평택복합CC,서울복합#1CC,파주문산복합2CC,신평택복합CC,파주문산복합2CC,파주문산복합2CC,파주문산복합2CC,신평택복합CC,신평택복합CC,신평택복합CC,동탄열병합2CC,동탄열병합2CC,서울복합#2CC,동탄열병합2CC,GS당진복합1CC,GS당진복합1CC,신평택복합CC
2024-04-29,육지계통,서울복합#1CC,파주문산복합2CC,파주문산복합2CC,파주문산복합2CC,여수#2,여수#2,여수#2,동탄열병합1CC,수완열병합CC,포천복합 2CC,판교열병합1CC,포천복합 2CC,오성복합CC,포천복합 2CC,수완열병합CC,노원열병합#1,노원열병합#1,동두천복합2CC,분당복합1CC,동두천복합2CC,동두천복합2CC,노원열병합#1,동두천복합1CC,동두천복합1CC
2024-04-30,육지계통,노원열병합#1,포스코에너지복합4CC,동해#1,동해#1,동해#1,포스코에너지복합4CC,노원열병합#1,노원열병합#1,동탄열병합1CC,안산복합 CC,노원열병합#1,노원열병합#1,포스코에너지복합4CC,포스코에너지복합4CC,노원열병합#1,춘천열병합CC,동탄열병합1CC,노원열병합#1,노원열병합#1,동두천복합2CC,동두천복합2CC,안산복합 CC,안산복합 CC,안산복합 CC
2024-05-01,육지계통,안산복합 CC,안산복합 CC,안산복합 CC,여수화력#1,동탄열병합2CC,안산복합 CC,안산복합 CC,안산복합 CC,신평택복합CC,신평택복합CC,동탄열병합2CC,동탄열병합2CC,신평택복합CC,신평택복합CC,동탄열병합2CC,동탄열병합2CC,신평택복합CC,동탄열병합2CC,포스코복합9CC,대구그린파워 CC,안산복합 CC,안산복합 CC,안산복합 CC,안산복합 CC
2024-05-02,육지계통,안산복합 CC,동탄열병합2CC,안산복합 CC,신평택복합CC,안산복합 CC,안산복합 CC,안산복합 CC,안산복합 CC,안산복합 CC,포스코복합8CC,포스코복합8CC,포스코복합7CC,춘천열병합CC,춘천열병합CC,춘천열병합CC,안양열병합2-2CC,분당복합2CC,안동복합CC,동두천복합2CC,동두천복합2CC,동두천복합2CC,동두천복합2CC,포천천연복합1CC,화성열병합 CC#1
2024-05-03,육지계통,포천천연복합1CC,포천천연복합1CC,포천천연복합1CC,춘천열병합CC,안양열병합2-2CC,포천천연복합1CC,포천천연복합1CC,포천천연복합1CC,포천천연복합1CC,포천천연복합1CC,포천천연복합1CC,포천천연복합1CC,춘천열병합CC,포천천연복합1CC,포천천연복합1CC,포천천연복합1CC,포천천연복합1CC,포천천연복합1CC,포천천연복합1CC,포천복합 1CC,포천천연복합1CC,별내열병합CC,포천천연복합1CC,별내열병합CC
2024-05-04,육지계통,안산복합 CC,안산복합 CC,안산복합 CC,안산복합 CC,안산복합 CC,안산복합 CC,안산복합 CC,안산복합 CC,포스코에너지복합4CC,안양열병합2-2CC,안산복합 CC,안산복합 CC,판교열병합1CC,안산복합 CC,안산복합 CC,인천복합2CC,인천복합2CC,안산복합 CC,안산복합 CC,안산복합 CC,안산복합 CC,안산복합 CC,안산복합 CC,안산복합 CC
2024-05-05,육지계통,동탄열병합2CC,서울복합#1CC,서울복합#1CC,하동#4,하동#4,하동#4,하동#4,하동#4,하동#4,하동#4,동탄열병합2CC,서울복합#1CC,신평택복합CC,포스코에너지복합4CC,안양열병합2-2CC,안양열병합2-2CC,안양열병합2-2CC,안산복합 CC,안산복합 CC,안산복합 CC,안산복합 CC,안산복합 CC,안산복합 CC,안산복합 CC
2024-05-06,육지계통,포스코에너지복합4CC,GS당진복합1CC,GS당진복합1CC,GS당진복합1CC,GS당진복합1CC,GS당진복합1CC,김포열병합 CC,동탄열병합2CC,포천천연복합1CC,포천천연복합1CC,포천천연복합1CC,아산배방열병합CC,포천천연복합1CC,아산배방열병합CC,아산배방열병합CC,아산배방열병합CC,아산배방열병합CC,하남열병합1CC,하남열병합1CC,하남열병합1CC,하남열병합1CC,하남열병합1CC,포천천연복합1CC,포천천연복합1CC
2024-05-07,육지계통,여수화력#1,동해#1,동해#1,동해#1,동해#1,동해#1,동탄열병합2CC,동탄열병합2CC,안동복합CC,수완열병합CC,분당복합2CC,오성복합CC,포스코복합9CC,오성복합CC,분당복합2CC,오성복합CC,부산정관에너지 #1 CC,오성복합CC,오성복합CC,오성복합CC,오성복합CC,동두천복합1CC,동두천복합1CC,동두천복합1CC
2024-05-08,육지계통,춘천열병합CC,동탄열병합2CC,여수#2,여수#2,여수#2,동탄열병합2CC,영남파워1CC,영남파워1CC,동두천복합1CC,동두천복합1CC,동탄열병합1CC,동탄열병합1CC,동탄열병합1CC,동탄열병합1CC,동탄열병합1CC,분당복합2CC,동탄열병합1CC,동탄열병합1CC,동두천복합1CC,동두천복합1CC,동두천복합1CC,동두천복합1CC,동두천복합1CC,동두천복합1CC
2024-05-09,육지계통,안양열병합2-2CC,여수#2,여수#2,서울복합#1CC,여수화력#1,안양열병합2-2CC,안양열병합2-2CC,춘천열병합CC,동탄열병합1CC,동탄열병합1CC,분당복합2CC,춘천열병합CC,포스코복합8CC,포스코복합8CC,분당복합2CC,춘천열병합CC,포스코복합8CC,부산정관에너지 #1 CC,부산정관에너지 #1 CC,안동복합CC,안동복합CC,안동복합CC,안산복합 CC,안산복합 CC
2024-05-10,육지계통,동탄열병합2CC,동탄열병합2CC,신평택복합CC,신평택복합CC,신평택복합CC,동탄열병합2CC,동탄열병합2CC,동탄열병합2CC,안산복합 CC,안산복합 CC,춘천열병합CC,춘천열병합CC,포스코복합7CC,춘천열병합CC,춘천열병합CC,포스코복합9CC,춘천열병합CC,분당복합2CC,춘천열병합CC,춘천열병합CC,포스코복합9CC,분당복합2CC,분당복합2CC,안양열병합2-2CC
2024-05-11,육지계통,동탄열병합2CC,포스코에너지복합4CC,김포열병합 CC,김포열병합 CC,서울복합#1CC,동탄열병합2CC,분당복합2CC,서울복합#1CC,삼천포#3,김포열병합 CC,동탄열병합2CC,신평택복합CC,인천복합2CC,동탄열병합2CC,인천복합2CC,동탄열병합2CC,동탄열병합2CC,동탄열병합2CC,부산정관에너지 #1 CC,부산정관에너지 #1 CC,부산정관에너지 #1 CC,부산정관에너지 #1 CC,동탄열병합2CC,부산정관에너지 #1 CC
2024-05-12,육지계통,서울복합#1CC,삼천포#4,서울복합#1CC,서울복합#1CC,하동#6,서울복합#1CC,김포열병합 CC,김포열병합 CC,서울복합#1CC,파주문산복합2CC,포스코에너지복합4CC,포스코에너지복합4CC,포스코에너지복합4CC,파주문산복합2CC,파주문산복합2CC,파주문산복합2CC,파주문산복합2CC,삼천포#3,하동#8,신평택복합CC,신평택복합CC,포스코에너지복합4CC,포스코에너지복합4CC,하동#8
2024-05-13,육지계통,서울복합#1CC,서울복합#1CC,삼천포#4,서울복합#1CC,삼천포#4,서울복합#1CC,신평택복합CC,동탄열병합2CC,안산복합 CC,안산복합 CC,포스코복합9CC,분당복합2CC,포스코복합9CC,포스코복합9CC,일산복합2CC,포스코복합9CC,오성복합CC,부산정관에너지 #1 CC,오성복합CC,안동복합CC,안동복합CC,안동복합CC,오성복합CC,안산복합 CC
2024-05-14,육지계통,동탄열병합2CC,포스코에너지복합4CC,포스코에너지복합4CC,포스코에너지복합4CC,포스코에너지복합4CC,동탄열병합2CC,동탄열병합2CC,동탄열병합2CC,안산복합 CC,안산복합 CC,부천복합CC,포스코복합9CC,일산복합2CC,포스코복합9CC,오성복합CC,오성복합CC,포천복합 1CC,분당복합2CC,춘천열병합CC,오성복합CC,안동복합CC,오성복합CC,안동복합CC,동탄열병합1CC
2024-05-15,육지계통,동탄열병합2CC,서울복합#2CC,서울복합#1CC,하동#2,서울복합#2CC,서울복합#2CC,서울복합#1CC,하동#1,김포열병합 CC,신평택복합CC,신평택복합CC,신평택복합CC,신평택복합CC,신평택복합CC,동탄열병합2CC,동탄열병합2CC,동탄열병합2CC,포스코에너지복합4CC,동탄열병합2CC,동탄열병합2CC,동탄열병합2CC,동탄열병합2CC,동탄열병합2CC,신평택복합CC
2024-05-16,육지계통,신평택복합CC,하동#2,김포열병합 CC,김포열병합 CC,서울복합#1CC,신평택복합CC,신평택복합CC,동탄열병합2CC,춘천열병합CC,안산복합 CC,춘천열병합CC,포스코복합7CC,포스코복합7CC,인천복합2CC,인천복합2CC,춘천열병합CC,인천복합2CC,신인천복합CC#1,포스코복합9CC,춘천열병합CC,춘천열병합CC,춘천열병합CC,안양열병합2-2CC,동탄열병합2CC
2024-05-17,육지계통,동탄열병합2CC,동탄열병합2CC,포스코에너지복합4CC,포스코에너지복합4CC,포스코에너지복합4CC,신평택복합CC,동탄열병합2CC,동탄열병합2CC,안산복합 CC,안산복합 CC,분당복합2CC,춘천열병합CC,분당복합2CC,포스코복합7CC,오성복합CC,오성복합CC,오성복합CC,분당복합2CC,부산정관에너지 #1 CC,부산정관에너지 #1 CC,안산복합 CC,부산정관에너지 #1 CC,안산복합 CC,부산정관에너지 #1 CC
2024-05-18,육지계통,동탄열병합2CC,포스코에너지복합4CC,포스코에너지복합4CC,포스코에너지복합4CC,동탄열병합2CC,동탄열병합2CC,동탄열병합2CC,포스코에너지복합4CC,포스코에너지복합4CC,동탄열병합1CC,안산복합 CC,동탄열병합1CC,분당복합2CC,동탄열병합1CC,안산복합 CC,안산복합 CC,동탄열병합1CC,안산복합 CC,안산복합 CC,포스코복합7CC,안산복합 CC,안양열병합2-2CC,동탄열병합2CC,동탄열병합2CC
2024-05-19,육지계통,신평택복합CC,김포열병합 CC,김포열병합 CC,김포열병합 CC,서울복합#1CC,서울복합#1CC,GS당진복합1CC,서울복합#1CC,서울복합#1CC,동탄열병합2CC,동탄열병합2CC,동탄열병합2CC,동탄열병합2CC,동탄열병합2CC,동탄열병합2CC,동탄열병합2CC,동탄열병합2CC,춘천열병합CC,춘천열병합CC,춘천열병합CC,춘천열병합CC,포스코복합7CC,동탄열병합2CC,서울복합#2CC
2024-05-20,육지계통,서울복합#1CC,김포열병합 CC,서울복합#1CC,서울복합#1CC,서울복합#1CC,서울복합#1CC,서울복합#2CC,동탄열병합2CC,평택복합2CC,오성복합CC,오성복합CC,일산복합2CC,평택복합2CC,오성복합CC,오성복합CC,오성복합CC,서인천복합1CC#7,서인천복합1CC#7,서인천복합1CC#7,서인천복합1CC#7,안동복합CC,춘천열병합CC,안양열병합2-2CC,동탄열병합2CC
2024-05-21,육지계통,동탄열병합2CC,동탄열병합2CC,포스코에너지복합4CC,GS당진복합1CC,포스코에너지복합4CC,포스코에너지복합4CC,동탄열병합2CC,동탄열병합2CC,분당복합2CC,평택복합2CC,평택복합2CC,평택복합2CC,평택복합2CC,평택복합2CC,평택복합2CC,평택복합2CC,포천복합 2CC,오성복합CC,오성복합CC,오성복합CC,오성복합CC,평택복합2CC,평택복합2CC,안산복합 CC
2024-05-22,육지계통,동탄열병합2CC,동탄열병합2CC,포스코에너지복합4CC,포스코에너지복합4CC,포스코에너지복합4CC,포스코에너지복합4CC,동탄열병합2CC,동탄열병합2CC,분당복합2CC,분당복합2CC,동탄열병합1CC,분당복합2CC,동탄열병합1CC,동탄열병합1CC,분당복합2CC,동탄열병합1CC,포천천연복합1CC,오성복합CC,포천천연복합1CC,포천복합 2CC,신인천복합CC#1,포천천연복합1CC,포천천연복합1CC,포천천연복합1CC
2024-05-23,육지계통,동탄열병합2CC,동탄열병합2CC,포스코에너지복합4CC,포스코에너지복합4CC,포스코에너지복합4CC,포스코에너지복합4CC,포스코에너지복합4CC,동탄열병합2CC,동탄열병합2CC,안산복합 CC,동탄열병합1CC,동탄열병합1CC,동탄열병합1CC,동탄열병합1CC,분당복합2CC,평택복합2CC,오성복합CC,오성복합CC,오성복합CC,오성복합CC,울산복합CC#4,오성복합CC,포천천연복합1CC,포천천연복합1CC
2024-05-24,육지계통,동탄열병합2CC,포스코에너지복합4CC,서울복합#1CC,하동#2,하동#2,서울복합#1CC,포스코에너지복합4CC,포스코에너지복합4CC,안산복합 CC,동탄열병합1CC,동탄열병합1CC,분당복합2CC,분당복합2CC,분당복합2CC,포천천연복합1CC,오성복합CC,부산정관에너지 #1 CC,포천천연복합1CC,포천천연복합1CC,오성복합CC,포천천연복합1CC,포천천연복합1CC,포천천연복합1CC,포천천연복합1CC
2024-05-25,육지계통,동탄열병합2CC,포스코에너지복합4CC,서울복합#1CC,서울복합#1CC,서울복합#1CC,서울복합#1CC,서울복합#1CC,김포열병합 CC,서울복합#2CC,서울복합#2CC,서울복합#2CC,서울복합#2CC,서울복합#2CC,포스코에너지복합4CC,신평택복합CC,신평택복합CC,신평택복합CC,포스코에너지복합4CC,동탄열병합2CC,동탄열병합2CC,동탄열병합2CC,동탄열병합2CC,동탄열병합2CC,신평택복합CC
2024-05-26,육지계통,포스코에너지복합4CC,하동#2,삼천포#4,삼천포#4,서울복합#1CC,삼천포#4,삼천포#4,당진#1,영흥#5,파주문산복합2CC,파주문산복합2CC,파주문산복합2CC,파주문산복합2CC,포스코에너지복합4CC,포스코에너지복합4CC,신평택복합CC,동탄열병합2CC,동탄열병합2CC,동탄열병합2CC,안산복합 CC,동탄열병합2CC,동탄열병합2CC,동탄열병합2CC,하동#2
2024-05-27,육지계통,서울복합#1CC,서울복합#1CC,서울복합#1CC,보령#6,보령#6,파주문산복합2CC,서울복합#1CC,동탄열병합2CC,포천천연복합1CC,오성복합CC,오성복합CC,오성복합CC,포천천연복합1CC,오성복합CC,인천복합2CC,인천복합2CC,일산복합1CC,분당복합2CC,오성복합CC,안동복합CC,안동복합CC,안동복합CC,평택복합2CC,부산정관에너지 #1 CC
2024-05-28,육지계통,동탄열병합2CC,동탄열병합2CC,포스코에너지복합4CC,GS당진복합1CC,포스코에너지복합4CC,동탄열병합2CC,동탄열병합2CC,안산복합 CC,분당복합2CC,인천공항복합1CC,오성복합CC,포천천연복합1CC,동탄열병합1CC,포천천연복합1CC,오성복합CC,포천천연복합1CC,분당복합2CC,분당복합2CC,포천천연복합1CC,오성복합CC,안동복합CC,안동복합CC,포천천연복합1CC,포천천연복합1CC
2024-05-29,육지계통,동탄열병합2CC,동탄열병합2CC,포스코에너지복합4CC,포스코에너지복합4CC,포스코에너지복합4CC,동탄열병합2CC,동탄열병합2CC,포스코복합8CC,포스코복합8CC,분당복합2CC,오성복합CC,오성복합CC,포천천연복합1CC,오성복합CC,오성복합CC,포천천연복합1CC,일산복합1CC,포스코에너지복합6CC,포천천연복합1CC,포스코에너지복합6CC,오성복합CC,포천천연복합1CC,포천천연복합1CC,포천천연복합1CC
2024-05-30,육지계통,안산복합 CC,안산복합 CC,포천천연복합1CC,포스코에너지복합4CC,포스코에너지복합4CC,포천천연복합1CC,포스코복합8CC,포스코복합8CC,포천천연복합1CC,분당복합2CC,포천천연복합1CC,분당복합2CC,포천천연복합1CC,포천천연복합1CC,포천천연복합1CC,포천천연복합1CC,동두천복합2CC,동두천복합2CC,포스코에너지복합6CC,포스코에너지복합6CC,포스코에너지복합6CC,동두천복합2CC,포천천연복합1CC,포천천연복합1CC
2024-05-31,육지계통,춘천열병합CC,동탄열병합2CC,동탄열병합2CC,포스코에너지복합4CC,포스코에너지복합4CC,동탄열병합2CC,동탄열병합2CC,동탄열병합1CC,동탄열병합1CC,오성복합CC,인천복합2CC,오성복합CC,오성복합CC,오성복합CC,오성복합CC,오성복합CC,분당복합2CC,오성복합CC,포천천연복합1CC,오성복합CC,오성복합CC,포천천연복합1CC,포천천연복합1CC,포천천연복합1CC
2024-06-01,육지계통,GS당진복합1CC,파주문산복합2CC,서울복합#1CC,삼천포#4,서울복합#1CC,서울복합#1CC,서울복합#1CC,파주문산복합2CC,서울복합#2CC,포천천연복합1CC,포천천연복합1CC,포스코에너지복합4CC,포천천연복합1CC,포스코에너지복합4CC,서울복합#2CC,서울복합#2CC,동탄열병합2CC,동탄열병합2CC,포스코에너지복합4CC,포스코에너지복합4CC,포스코에너지복합4CC,서울복합#2CC,서울복합#2CC,삼천포#4
2024-06-02,육지계통,삼천포#4,태안#5,보령#5,보령#5,서울복합#1CC,서울복합#1CC,서울복합#1CC,영흥#5,광양복합2CC,서울복합#1CC,서울복합#1CC,파주문산복합2CC,서울복합#2CC,동탄열병합2CC,서울복합#2CC,서울복합#2CC,동탄열병합2CC,동탄열병합2CC,삼천포#3,서울복합#2CC,동탄열병합2CC,삼천포#3,삼천포#3,서울복합#2CC
2024-06-03,육지계통,서울복합#1CC,서울복합#1CC,서울복합#1CC,서울복합#1CC,서울복합#1CC,서울복합#1CC,김포열병합 CC,동탄열병합2CC,포천천연복합1CC,오성복합CC,일산복합1CC,포천천연복합1CC,평택복합2CC,포천천연복합1CC,오성복합CC,포천천연복합1CC,일산복합1CC,포천천연복합1CC,포천천연복합1CC,포천천연복합1CC,포천천연복합1CC,포천천연복합1CC,부산정관에너지 #1 CC,안양열병합2-2CC
2024-06-04,육지계통,포스코에너지복합4CC,포스코에너지복합4CC,포스코에너지복합4CC,포스코에너지복합4CC,포스코에너지복합4CC,포스코에너지복합4CC,포스코에너지복합4CC,포스코에너지복합4CC,포천천연복합1CC,인천복합2CC,안산도시개발열병합,인천복합2CC,인천복합2CC,오성복합CC,오성복합CC,인천복합2CC,포천복합 1CC,분당복합2CC,동두천복합1CC,동두천복합1CC,동두천복합1CC,동두천복합1CC,동탄열병합1CC,동탄열병합1CC
2024-06-05,육지계통,안양열병합2-2CC,포스코에너지복합4CC,포스코에너지복합4CC,포스코에너지복합4CC,포스코에너지복합4CC,포스코에너지복합4CC,안양열병합2-2CC,안산복합 CC,포천천연복합1CC,인천복합2CC,인천복합2CC,포천천연복합1CC,동탄열병합1CC,포천천연복합1CC,인천복합2CC,인천복합2CC,포천복합 1CC,동두천복합1CC,동두천복합1CC,동두천복합1CC,동두천복합1CC,동두천복합1CC,동두천복합1CC,부산정관에너지 #1 CC
2024-06-06,육지계통,동탄열병합1CC,안산복합 CC,안산복합 CC,포스코에너지복합4CC,안산복합 CC,포스코에너지복합4CC,포스코에너지복합4CC,포스코에너지복합4CC,안산복합 CC,평택복합2CC,포천천연복합1CC,포천천연복합1CC,포천천연복합1CC,인천복합2CC,인천복합2CC,포천천연복합1CC,동두천복합1CC,동두천복합1CC,동두천복합1CC,포천천연복합1CC,포천천연복합1CC,동두천복합1CC,동두천복합1CC,동탄열병합1CC
2024-06-07,육지계통,포스코에너지복합4CC,김포열병합 CC,김포열병합 CC,서울복합#1CC,서울복합#1CC,김포열병합 CC,동탄열병합2CC,포스코에너지복합4CC,포천천연복합1CC,오성복합CC,포천천연복합1CC,포천천연복합1CC,포천천연복합1CC,인천복합2CC,인천복합2CC,포천천연복합1CC,포천천연복합1CC,분당복합2CC,평택복합2CC,평택복합2CC,평택복합2CC,평택복합2CC,동탄열병합1CC,오성복합CC
2024-06-08,육지계통,하남열병합1CC,안산복합 CC,포스코에너지복합4CC,서울복합#2CC,서울복합#2CC,서울복합#2CC,동탄열병합2CC,서울복합#2CC,안양열병합2-2CC,안양열병합2-2CC,포스코복합9CC,인천복합2CC,평택복합2CC,안양열병합2-2CC,안산복합 CC,안산복합 CC,안산복합 CC,안산복합 CC,안산복합 CC,평택복합2CC,안산복합 CC,안산복합 CC,안산복합 CC,안산복합 CC
2024-06-09,육지계통,김포열병합 CC,서울복합#1CC,서울복합#1CC,당진#1,신보령화력#1,신보령화력#1,신보령화력#1,서울복합#1CC,파주문산복합2CC,서울복합#2CC,포스코에너지복합4CC,별내열병합CC,포스코에너지복합4CC,포스코에너지복합4CC,포스코에너지복합4CC,포스코에너지복합4CC,포스코에너지복합4CC,포천천연복합1CC,포천천연복합1CC,안산복합 CC,평택복합2CC,춘천열병합CC,동탄열병합2CC,삼천포#4
2024-06-10,육지계통,동탄열병합2CC,파주문산복합2CC,파주문산복합2CC,서울복합#1CC,서울복합#1CC,파주문산복합2CC,동탄열병합2CC,포스코에너지복합4CC,인천복합2CC,오성복합CC,오성복합CC,오성복합CC,포천천연복합1CC,포천복합 1CC,포천복합 1CC,포천복합 1CC,포천복합 1CC,포천복합 1CC,포천천연복합1CC,평택복합2CC,평택복합2CC,오성복합CC,포스코복합8CC,안산복합 CC
2024-06-11,육지계통,포스코에너지복합4CC,포스코에너지복합4CC,동탄열병합2CC,서울복합#1CC,서울복합#1CC,서울복합#1CC,동탄열병합2CC,안양열병합2-2CC,포천천연복합1CC,인천복합2CC,인천복합2CC,인천복합2CC,포천천연복합1CC,인천복합2CC,인천복합2CC,인천복합2CC,동두천복합2CC,동두천복합2CC,포천복합 1CC,동두천복합2CC,안동복합CC,동두천복합2CC,동두천복합1CC,동탄열병합1CC
2024-06-12,육지계통,안산복합 CC,안산복합 CC,포스코에너지복합4CC,포스코에너지복합4CC,포스코에너지복합4CC,포스코에너지복합4CC,포스코복합8CC,포스코복합8CC,평택복합2CC,동두천복합2CC,인천복합2CC,인천복합2CC,동두천복합2CC,인천복합2CC,인천복합2CC,포천복합 2CC,포천복합 2CC,포천복합 2CC,포천복합 2CC,포천복합 2CC,안동복합CC,포천복합 1CC,동두천복합1CC,평택복합2CC
2024-06-13,육지계통,안양열병합2-2CC,포스코에너지복합4CC,포스코에너지복합4CC,서울복합#2CC,서울복합#2CC,김포열병합 CC,서울복합#2CC,포스코복합8CC,동두천복합1CC,동두천복합1CC,포천복합 1CC,포천복합 1CC,포천복합 1CC,포천복합 1CC,신인천복합CC#3,포천복합 2CC,포천복합 2CC,포천복합 2CC,포천복합 2CC,포천복합 2CC,포천복합 2CC,동두천복합2CC,평택복합2CC,평택복합2CC
2024-06-14,육지계통,안산복합 CC,포스코에너지복합4CC,포스코에너지복합4CC,동해#1,동해#1,동해#1,동해#1,포스코복합8CC,동두천복합1CC,포천복합 1CC,부천복합CC,포천복합 2CC,포천복합 2CC,부천복합CC,인천복합1CC,인천복합1CC,포천복합 1CC,인천복합2CC,동두천복합2CC,부산복합4CC,동두천복합2CC,아산배방열병합CC,동두천복합1CC,오성복합CC
2024-06-15,육지계통,영남파워1CC,서울복합#2CC,김포열병합 CC,여주복합CC,여주복합CC,여주복합CC,여주복합CC,파주문산복합2CC,포스코에너지복합4CC,평택복합2CC,평택복합2CC,평택복합2CC,평택복합2CC,평택복합2CC,인천복합2CC,안산복합 CC,안산복합 CC,안산복합 CC,춘천열병합CC,춘천열병합CC,춘천열병합CC,포스코에너지복합4CC,포스코에너지복합4CC,서울복합#2CC
2024-06-16,육지계통,김포열병합 CC,김포열병합 CC,여주복합CC,양산열병합CC,양산열병합CC,여주복합CC,여주복합CC,여주복합CC,여주복합CC,파주문산복합2CC,김포열병합 CC,포스코에너지복합4CC,포스코에너지복합4CC,안산복합 CC,포스코에너지복합4CC,안양열병합2-2CC,안산복합 CC,안산복합 CC,춘천열병합CC,춘천열병합CC,안산복합 CC,안양열병합2-2CC,포스코에너지복합4CC,서울복합#2CC
2024-06-17,육지계통,김포열병합 CC,파주문산복합1CC,여주복합CC,여주복합CC,여주복합CC,여주복합CC,파주문산복합1CC,서울복합#2CC,동두천복합2CC,인천복합2CC,인천공항복합1CC,인천공항복합1CC,동두천복합2CC,포천복합 1CC,포천복합 2CC,양주열병합CC,양주열병합CC,포천복합 2CC,동두천복합2CC,포스코복합8CC,포스코복합8CC,포스코복합8CC,안산복합 CC,안산복합 CC
2024-06-18,육지계통,포스코에너지복합4CC,서울복합#2CC,서울복합#2CC,김포열병합 CC,김포열병합 CC,김포열병합 CC,포스코복합8CC,포스코복합8CC,포천천연복합1CC,인천복합2CC,인천공항복합1CC,포천복합 1CC,포천복합 2CC,포천복합 2CC,양주열병합CC,양주열병합CC,인천공항복합1CC,인천공항복합1CC,동두천복합2CC,동두천복합1CC,동두천복합1CC,포스코복합8CC,포스코복합8CC,안산복합 CC
2024-06-19,육지계통,안양열병합2-2CC,서울복합#2CC,서울복합#2CC,서울복합#2CC,서울복합#2CC,서울복합#2CC,서울복합#2CC,포스코복합8CC,오성복합CC,오성복합CC,포천복합 1CC,포천복합 1CC,포천복합 1CC,포천복합 1CC,포천복합 2CC,포천복합 2CC,포스코에너지복합5CC,포천복합 1CC,인천복합2CC,포천천연복합1CC,동두천복합1CC,오성복합CC,포스코복합8CC,오성복합CC
2024-06-20,육지계통,포스코에너지복합4CC,김포열병합 CC,김포열병합 CC,김포열병합 CC,김포열병합 CC,김포열병합 CC,김포열병합 CC,포스코복합8CC,오성복합CC,오성복합CC,오성복합CC,분당복합2CC,동두천복합1CC,동두천복합2CC,포천복합 1CC,포천복합 1CC,포천복합 1CC,포천복합 1CC,동두천복합2CC,동두천복합2CC,포스코복합8CC,포스코복합8CC,포스코복합8CC,안산복합 CC
2024-06-21,육지계통,안양열병합2-2CC,포스코에너지복합3CC,서울복합#2CC,서울복합#2CC,서울복합#2CC,서울복합#2CC,포스코에너지복합3CC,평택복합2CC,동두천복합2CC,인천복합2CC,포천복합 2CC,인천복합1CC,포스코에너지복합5CC,별내열병합CC,인천공항복합1CC,양주열병합CC,인천복합1CC,인천복합2CC,동두천복합2CC,동두천복합1CC,동두천복합2CC,오성복합CC,포스코복합9CC,안산복합 CC
2024-06-22,육지계통,안양열병합2-2CC,포스코에너지복합3CC,김포열병합 CC,김포열병합 CC,김포열병합 CC,김포열병합 CC,김포열병합 CC,서울복합#2CC,포스코에너지복합3CC,평택복합2CC,평택복합2CC,포천천연복합1CC,포천천연복합1CC,동두천복합2CC,동두천복합2CC,포천천연복합1CC,포천천연복합1CC,평택복합2CC,포천천연복합1CC,포천천연복합1CC,포천천연복합1CC,춘천열병합CC,안양열병합2-2CC,동탄열병합2CC
2024-06-23,육지계통,김포열병합 CC,파주문산복합1CC,파주문산복합1CC,파주문산복합1CC,파주문산복합1CC,파주문산복합1CC,파주문산복합1CC,김포열병합 CC,서울복합#2CC,포스코에너지복합3CC,안양열병합2-2CC,포스코복합7CC,포스코복합7CC,포스코복합7CC,포스코복합7CC,포스코복합7CC,춘천열병합CC,춘천열병합CC,춘천열병합CC,춘천열병합CC,안산복합 CC,안산복합 CC,안양열병합2-2CC,동탄열병합2CC
2024-06-24,육지계통,파주문산복합1CC,파주문산복합1CC,파주문산복합1CC,여주복합CC,여주복합CC,파주문산복합1CC,파주문산복합1CC,포스코에너지복합3CC,인천복합2CC,포천복합 1CC,포천복합 2CC,포천복합 2CC,오성복합CC,인천복합1CC,판교열병합1CC,인천복합1CC,포천복합 1CC,인천복합2CC,동두천복합1CC,동두천복합1CC,오성복합CC,포스코복합9CC,포스코복합9CC,포스코에너지복합3CC
2024-06-25,육지계통,판교열병합1CC,포스코에너지복합3CC,서울복합#2CC,서울복합#2CC,서울복합#2CC,서울복합#2CC,서울복합#2CC,평택복합2CC,동두천복합1CC,인천복합2CC,포천복합 1CC,포천복합 1CC,포천복합 1CC,포천복합 2CC,판교열병합1CC,송도열병합발전1CC,판교열병합1CC,신인천복합CC#2,포천복합 1CC,포천복합 1CC,동두천복합2CC,동두천복합1CC,동두천복합1CC,동두천복합1CC
2024-06-26,육지계통,김포열병합 CC,파주문산복합1CC,파주문산복합1CC,여주복합CC,여주복합CC,여주복합CC,파주문산복합1CC,서울복합#2CC,안산복합 CC,평택복합2CC,동두천복합1CC,동두천복합1CC,동두천복합1CC,동두천복합2CC,인천복합2CC,인천복합2CC,화성열병합 CC#1,인천복합2CC,동두천복합2CC,동두천복합1CC,동두천복합2CC,포스코복합9CC,안산복합 CC,안산복합 CC
2024-06-27,육지계통,포스코에너지복합3CC,파주문산복합2CC,파주문산복합2CC,파주문산복합2CC,파주문산복합2CC,파주문산복합2CC,김포열병합 CC,포스코에너지복합3CC,안산복합 CC,평택복합2CC,평택복합2CC,동두천복합1CC,동두천복합1CC,동두천복합2CC,분당복합1CC,인천복합2CC,분당복합1CC,동두천복합2CC,동두천복합2CC,동두천복합2CC,평택복합2CC,평택복합2CC,안양열병합2-2CC,포스코에너지복합3CC
2024-06-28,육지계통,포스코에너지복합3CC,파주문산복합2CC,파주문산복합2CC,파주문산복합2CC,파주문산복합2CC,파주문산복합2CC,김포열병합 CC,포스코에너지복합3CC,신인천복합CC#2,동두천복합2CC,동두천복합2CC,인천복합2CC,인천복합2CC,포천복합 1CC,신인천복합CC#3,신인천복합CC#3,포천복합 1CC,인천복합2CC,동두천복합2CC,동두천복합1CC,동두천복합1CC,포스코복합9CC,포스코복합9CC,안산복합 CC
2024-06-29,육지계통,안양열병합2-2CC,김포열병합 CC,파주문산복합2CC,파주문산복합1CC,파주문산복합2CC,파주문산복합2CC,파주문산복합2CC,서울복합#1CC,동탄열병합1CC,동탄열병합1CC,동탄열병합1CC,포천천연복합1CC,분당복합1CC,포천천연복합1CC,분당복합1CC,포천천연복합1CC,분당복합1CC,평택복합2CC,평택복합2CC,평택복합2CC,파주열병합1CC,파주열병합1CC,안산복합 CC,안산복합 CC
2024-06-30,육지계통,신평택복합CC,파주문산복합1CC,파주문산복합2CC,파주문산복합2CC,파주문산복합2CC,안양열병합2-1CC,파주문산복합2CC,파주문산복합2CC,안양열병합2-2CC,춘천열병합CC,안산복합 CC,분당복합1CC,안산복합 CC,안산복합 CC,분당복합1CC,안산복합 CC,안산복합 CC,평택복합2CC,평택복합2CC,평택복합2CC,인천복합2CC,포스코복합9CC,포스코복합7CC,동탄열병합2CC
2024-07-01,육지계통,신평택복합CC,김포열병합 CC,김포열병합 CC,김포열병합 CC,김포열병합 CC,김포열병합 CC,신평택복합CC,포스코복합7CC,인천복합2CC,포천복합 1CC,포천복합 1CC,포천복합 1CC,오성복합CC,포천복합 1CC,포천복합 2CC,수완열병합CC,포천복합 2CC,부산복합3CC,부산복합3CC,부산복합3CC,오성복합CC,동두천복합1CC,동두천복합1CC,동두천복합1CC
2024-07-02,육지계통,포스코에너지복합3CC,신평택복합CC,신평택복합CC,서울복합#1CC,신평택복합CC,신평택복합CC,신평택복합CC,포스코복합9CC,인천복합2CC,포천복합 2CC,포천복합 1CC,포천복합 1CC,포천복합 1CC,포천복합 1CC,아산배방열병합CC,포천복합 1CC,포천복합 1CC,포천복합 1CC,동두천복합2CC,동두천복합2CC,동두천복합1CC,포스코복합9CC,안산복합 CC,안산복합 CC
2024-07-03,육지계통,포스코에너지복합3CC,파주문산복합1CC,파주문산복합1CC,파주문산복합1CC,파주문산복합1CC,파주문산복합1CC,파주문산복합1CC,포스코복합9CC,동두천복합1CC,오성복합CC,오성복합CC,오성복합CC,포천천연복합1CC,동두천복합2CC,동두천복합2CC,동두천복합2CC,인천복합2CC,오성복합CC,동두천복합1CC,동두천복합1CC,동두천복합1CC,춘천열병합CC,인천복합3CC,안산복합 CC
2024-07-04,육지계통,서울복합#1CC,파주문산복합2CC,김포열병합 CC,김포열병합 CC,김포열병합 CC,김포열병합 CC,서울복합#2CC,포스코복합7CC,동두천복합1CC,포천복합 1CC,포천복합 1CC,포천복합 1CC,포천복합 1CC,포천복합 1CC,포천복합 1CC,포천복합 1CC,포천복합 1CC,동두천복합2CC,동두천복합2CC,동두천복합2CC,동두천복합1CC,포스코복합9CC,인천복합3CC,포스코에너지복합3CC
2024-07-05,육지계통,포스코에너지복합3CC,서울복합#1CC,서울복합#1CC,서울복합#1CC,서울복합#1CC,서울복합#1CC,포스코에너지복합3CC,오성복합CC,오성복합CC,인천복합2CC,포천복합 1CC,포천복합 1CC,오성복합CC,포천복합 1CC,포천복합 1CC,포천복합 1CC,포천복합 1CC,동두천복합2CC,동두천복합1CC,동두천복합1CC,동두천복합1CC,평택복합2CC,평택복합2CC,평택복합2CC
2024-07-06,육지계통,평택복합2CC,포스코에너지복합3CC,서울복합#1CC,서울복합#2CC,서울복합#2CC,서울복합#2CC,서울복합#2CC,포스코복합9CC,포스코복합9CC,포스코복합9CC,포천천연복합1CC,포천천연복합1CC,포천천연복합1CC,포천천연복합1CC,포천천연복합1CC,포천천연복합1CC,포천천연복합1CC,포천천연복합1CC,포천천연복합1CC,포천천연복합1CC,동두천복합2CC,인천복합2CC,포스코복합9CC,안산복합 CC
2024-07-07,육지계통,안양열병합2-2CC,신평택복합CC,김포열병합 CC,김포열병합 CC,김포열병합 CC,김포열병합 CC,김포열병합 CC,신평택복합CC,서울복합#2CC,평택복합2CC,평택복합2CC,포스코복합9CC,포스코복합9CC,포스코복합7CC,평택복합2CC,평택복합2CC,평택복합2CC,평택복합2CC,평택복합2CC,포천천연복합1CC,포천천연복합1CC,포스코복합7CC,포스코복합7CC,동탄열병합2CC
2024-07-08,육지계통,인천복합3CC,신평택복합CC,서울복합#1CC,서울복합#1CC,서울복합#1CC,신평택복합CC,서울복합#1CC,포스코복합7CC,동두천복합2CC,포천복합 1CC,부산복합3CC,포천복합 1CC,동두천복합2CC,포천복합 1CC,인천복합3CC,인천복합3CC,판교열병합1CC,오성복합CC,오성복합CC,안동복합CC,부산복합4CC,포스코복합8CC,포스코복합8CC,안산복합 CC
2024-07-09,육지계통,포스코에너지복합3CC,신평택복합CC,신평택복합CC,신평택복합CC,서울복합#1CC,신평택복합CC,포스코에너지복합4CC,포스코복합8CC,동두천복합2CC,부산복합3CC,포천복합 2CC,동두천복합2CC,동두천복합2CC,포천복합 2CC,포천복합 2CC,아산배방열병합CC,아산배방열병합CC,아산배방열병합CC,아산배방열병합CC,동두천복합2CC,아산배방열병합CC,안동복합CC,안산복합 CC,안산복합 CC
2024-07-10,육지계통,포스코에너지복합3CC,신평택복합CC,신평택복합CC,서울복합#1CC,서울복합#1CC,신평택복합CC,오성복합CC,오성복합CC,동두천복합1CC,포천복합 2CC,포천복합 2CC,포천복합 2CC,동두천복합2CC,포천복합 2CC,포천복합 2CC,포천복합 2CC,포천복합 2CC,포천복합 2CC,포천복합 1CC,포천복합 1CC,동두천복합2CC,동두천복합1CC,동두천복합1CC,동두천복합1CC
2024-07-11,육지계통,신평택복합CC,신평택복합CC,김포열병합 CC,김포열병합 CC,김포열병합 CC,신평택복합CC,서울복합#1CC,포스코복합7CC,동두천복합2CC,포천복합 1CC,포천복합 1CC,포천복합 1CC,포천복합 1CC,포천복합 1CC,포천복합 1CC,신인천복합CC#1,포천복합 1CC,포천복합 1CC,동두천복합2CC,동두천복합2CC,동두천복합1CC,포천천연복합1CC,안산복합 CC,안산복합 CC
2024-07-12,육지계통,포스코에너지복합3CC,신평택복합CC,신평택복합CC,서울복합#1CC,서울복합#1CC,신평택복합CC,서울복합#1CC,포스코복합7CC,동두천복합1CC,포천복합 1CC,포천복합 2CC,포천복합 2CC,포천복합 2CC,포천복합 2CC,인천복합1CC,인천복합1CC,포천복합 2CC,포천복합 2CC,포천복합 1CC,포천복합 1CC,동두천복합2CC,평택복합2CC,포스코복합9CC,안산복합 CC
2024-07-13,육지계통,안양열병합2-2CC,서울복합#1CC,서울복합#1CC,서울복합#1CC,서울복합#1CC,서울복합#1CC,서울복합#1CC,서울복합#2CC,동탄열병합1CC,동탄열병합1CC,포천천연복합1CC,판교열병합1CC,포천천연복합1CC,동두천복합2CC,동두천복합2CC,동두천복합2CC,포천천연복합1CC,포천천연복합1CC,동두천복합1CC,동두천복합1CC,동두천복합1CC,파주열병합1CC,안산복합 CC,포스코에너지복합3CC
2024-07-14,육지계통,신평택복합CC,신평택복합CC,신평택복합CC,김포열병합 CC,김포열병합 CC,김포열병합 CC,신평택복합CC,신평택복합CC,신평택복합CC,서울복합#1CC,포스코에너지복합3CC,안산복합 CC,안산복합 CC,평택복합2CC,평택복합2CC,평택복합2CC,평택복합2CC,평택복합2CC,평택복합2CC,포천천연복합1CC,동두천복합2CC,포스코복합9CC,포스코복합9CC,포스코에너지복합3CC
2024-07-15,육지계통,신평택복합CC,김포열병합 CC,김포열병합 CC,김포열병합 CC,김포열병합 CC,김포열병합 CC,신평택복합CC,서울복합#2CC,동두천복합1CC,포천복합 1CC,오성복합CC,포천복합 1CC,동두천복합2CC,포천복합 1CC,인천공항복합1CC,포천복합 1CC,포천복합 1CC,오성복합CC,동두천복합2CC,동두천복합2CC,동두천복합1CC,포천천연복합1CC,안산복합 CC,포스코에너지복합3CC
2024-07-16,육지계통,포스코에너지복합3CC,서울복합#1CC,서울복합#1CC,서울복합#1CC,서울복합#1CC,서울복합#1CC,서울복합#1CC,포스코복합7CC,동두천복합2CC,포천복합 2CC,포천복합 2CC,신인천복합CC#1,포천복합 2CC,포천복합 2CC,포천복합 2CC,포천복합 2CC,포천복합 2CC,포천복합 2CC,동두천복합2CC,동두천복합2CC,동두천복합2CC,포천천연복합1CC,포스코복합9CC,안산복합 CC
2024-07-17,육지계통,안양열병합2-2CC,포스코에너지복합3CC,신평택복합CC,신평택복합CC,신평택복합CC,신평택복합CC,서울복합#1CC,오성복합CC,동두천복합2CC,포천복합 2CC,포천복합 2CC,포천복합 2CC,포천복합 1CC,포천복합 2CC,포스코에너지복합5CC,포스코에너지복합5CC,포천복합 2CC,포천복합 2CC,포천복합 1CC,포천복합 1CC,인천복합2CC,동두천복합1CC,평택복합2CC,평택복합2CC
2024-07-18,육지계통,안산복합 CC,포스코에너지복합3CC,서울복합#2CC,서울복합#2CC,서울복합#2CC,서울복합#2CC,오성복합CC,오성복합CC,동두천복합2CC,포천복합 2CC,포천복합 2CC,포천복합 2CC,포스코에너지복합5CC,포스코에너지복합5CC,포스코에너지복합5CC,포스코에너지복합5CC,포천복합 2CC,포천복합 1CC,포천복합 1CC,포천복합 1CC,동두천복합2CC,파주열병합1CC,동두천복합1CC,동두천복합1CC
2024-07-19,육지계통,인천복합1CC,포스코에너지복합3CC,서울복합#2CC,서울복합#2CC,서울복합#2CC,서울복합#2CC,오성복합CC,오성복합CC,동두천복합2CC,포스코에너지복합5CC,인천공항복합1CC,화성열병합 CC#1,포천복합 1CC,화성열병합 CC#1,신인천복합CC#3,신인천복합CC#3,부산복합1CC,포천복합 1CC,부산복합1CC,부산복합1CC,부산복합4CC,안동복합CC,동두천복합1CC,동두천복합1CC
2024-07-20,육지계통,안양열병합2-2CC,신평택복합CC,신평택복합CC,신평택복합CC,김포열병합 CC,신평택복합CC,신평택복합CC,서울복합#2CC,평택복합2CC,동두천복합1CC,인천복합2CC,인천복합2CC,인천복합2CC,하남열병합1CC,하남열병합1CC,인천복합2CC,동두천복합1CC,포천천연복합1CC,포천천연복합1CC,포천천연복합1CC,동두천복합1CC,동두천복합1CC,동탄열병합1CC,동탄열병합1CC
2024-07-21,육지계통,신평택복합CC,신평택복합CC,신평택복합CC,김포열병합 CC,김포열병합 CC,김포열병합 CC,신평택복합CC,신평택복합CC,포스코복합8CC,판교열병합1CC,동두천복합1CC,동두천복합1CC,동두천복합1CC,포천천연복합1CC,포스코에너지복합6CC,포천천연복합1CC,포천천연복합1CC,포천천연복합1CC,포천천연복합1CC,포천천연복합1CC,포천천연복합1CC,인천복합2CC,포스코복합9CC,동탄열병합2CC
2024-07-22,육지계통,신평택복합CC,신평택복합CC,신평택복합CC,김포열병합 CC,김포열병합 CC,신평택복합CC,신평택복합CC,포스코복합9CC,동두천복합2CC,인천복합2CC,포천복합 1CC,포천복합 2CC,포천복합 1CC,포천복합 2CC,포천복합 2CC,포천복합 2CC,포천복합 2CC,오성복합CC,동두천복합2CC,동두천복합2CC,오성복합CC,동두천복합1CC,동두천복합1CC,동두천복합1CC
2024-07-23,육지계통,인천복합2CC,포스코에너지복합3CC,서울복합#2CC,서울복합#1CC,서울복합#1CC,서울복합#2CC,오성복합CC,포스코복합7CC,동두천복합2CC,인천복합1CC,신인천복합CC#2,신인천복합CC#4,인천복합1CC,신인천복합CC#3,신인천복합CC#3,판교열병합1CC,신인천복합CC#3,인천복합1CC,포스코에너지복합5CC,동두천복합2CC,부산복합3CC,동두천복합1CC,동두천복합1CC,동두천복합1CC
2024-07-24,육지계통,안양열병합2-2CC,서울복합#1CC,서울복합#1CC,서울복합#1CC,서울복합#1CC,서울복합#1CC,포스코에너지복합3CC,포스코복합9CC,동두천복합2CC,수완열병합CC,포천복합 2CC,인천복합1CC,포천복합 2CC,포천복합 2CC,분당복합1CC,분당복합1CC,포천복합 2CC,울산복합CC#3,울산복합CC#3,울산복합CC#3,포천복합 2CC,동두천복합2CC,동두천복합1CC,평택복합2CC
2024-07-25,육지계통,인천복합2CC,서울복합#1CC,서울복합#1CC,서울복합#1CC,서울복합#1CC,서울복합#1CC,포스코에너지복합3CC,포스코복합9CC,동두천복합2CC,포천복합 2CC,포천복합 2CC,화성열병합 CC#1,포천복합 2CC,화성열병합 CC#1,인천복합1CC,포천복합 2CC,포천복합 2CC,포천복합 2CC,포천복합 2CC,포천복합 2CC,포천복합 1CC,오성복합CC,동두천복합1CC,안산복합 CC
2024-07-26,육지계통,안양열병합2-2CC,서울복합#2CC,서울복합#1CC,서울복합#1CC,서울복합#1CC,서울복합#1CC,포스코에너지복합3CC,포스코복합7CC,동두천복합2CC,동두천복합2CC,신인천복합CC#3,화성열병합 CC#1,신인천복합CC#3,송도열병합발전1CC,무림파워텍열병합(중앙),무림파워텍열병합(중앙),울산복합CC#2,울산복합CC#3,서인천복합1CC#7,포스코에너지복합5CC,부산복합1CC,동두천복합2CC,동두천복합1CC,평택복합2CC
2024-07-27,육지계통,안산복합 CC,포스코에너지복합3CC,포스코에너지복합3CC,서울복합#2CC,서울복합#2CC,서울복합#2CC,서울복합#2CC,서울복합#2CC,동탄열병합1CC,동두천복합1CC,포천복합 1CC,포천복합 2CC,서인천복합1CC#7,서인천복합1CC#7,서인천복합1CC#7,포천복합 2CC,동두천복합1CC,동두천복합1CC,동두천복합1CC,동두천복합2CC,동두천복합2CC,동두천복합1CC,동탄열병합1CC,동탄열병합1CC
2024-07-28,육지계통,포스코에너지복합3CC,신평택복합CC,신평택복합CC,김포열병합 CC,김포열병합 CC,김포열병합 CC,김포열병합 CC,신평택복합CC,안양열병합2-2CC,인천공항복합1CC,포천천연복합1CC,판교열병합1CC,포천천연복합1CC,포천천연복합1CC,포천천연복합1CC,동두천복합1CC,동두천복합1CC,동두천복합1CC,동두천복합2CC,동두천복합2CC,인천공항복합1CC,안동복합CC,춘천열병합CC,신서천화력1호기
2024-07-29,육지계통,포스코에너지복합3CC,신평택복합CC,김포열병합 CC,김포열병합 CC,김포열병합 CC,김포열병합 CC,신평택복합CC,포스코에너지복합3CC,평택복합2CC,동두천복합2CC,동두천복합2CC,동두천복합2CC,오성복합CC,오성복합CC,오성복합CC,포천복합 1CC,포천복합 2CC,인천복합1CC,부산복합3CC,부산복합3CC,부산복합2CC,아산배방열병합CC,동두천복합1CC,안산복합 CC
2024-07-30,육지계통,안양열병합2-2CC,신평택복합CC,김포열병합 CC,김포열병합 CC,김포열병합 CC,김포열병합 CC,신평택복합CC,포스코에너지복합3CC,동두천복합1CC,오성복합CC,포천복합 2CC,포천복합 2CC,포천복합 2CC,포천복합 2CC,인천복합1CC,인천복합1CC,인천복합1CC,포천복합 1CC,부산복합3CC,부산복합3CC,부산복합3CC,동두천복합2CC,동두천복합1CC,안산복합 CC
2024-07-31,육지계통,안양열병합2-2CC,포스코에너지복합3CC,서울복합#2CC,서울복합#2CC,서울복합#2CC,서울복합#2CC,포스코에너지복합3CC,포스코복합9CC,동두천복합1CC,오성복합CC,포천복합 1CC,포천복합 2CC,포천복합 2CC,인천복합1CC,인천복합1CC,인천복합1CC,신인천복합CC#4,포스코에너지복합5CC,부산복합2CC,부산복합3CC,부산복합3CC,동두천복합1CC,동두천복합1CC,안산복합 CC
2024-08-01,육지계통,포스코에너지복합4CC,신평택복합CC,신평택복합CC,신평택복합CC,신평택복합CC,신평택복합CC,신평택복합CC,춘천열병합CC,동두천복합1CC,오성복합CC,포천복합 2CC,포천복합 2CC,포스코에너지복합5CC,포천복합 2CC,포천복합 2CC,포천복합 2CC,포스코에너지복합5CC,포천복합 2CC,포스코에너지복합5CC,부산복합1CC,부산복합3CC,동두천복합2CC,동두천복합1CC,동두천복합1CC
2024-08-02,육지계통,오성복합CC,안양열병합2-2CC,안양열병합2-2CC,신평택복합CC,안양열병합2-2CC,안양열병합2-2CC,포천천연복합1CC,포스코복합8CC,포스코에너지복합3CC,포천복합 1CC,인천복합1CC,신인천복합CC#1,신인천복합CC#1,신인천복합CC#4,신인천복합CC#4,신인천복합CC#4,신인천복합CC#4,포천복합 2CC,포스코에너지복합3CC,부산복합3CC,부산복합3CC,동두천복합2CC,동두천복합2CC,오성복합CC
2024-08-03,육지계통,서울복합#1CC,신평택복합CC,신평택복합CC,신평택복합CC,신평택복합CC,신평택복합CC,신평택복합CC,포스코복합8CC,포스코에너지복합3CC,하남열병합1CC,포스코에너지복합3CC,포천복합 1CC,포천복합 1CC,신인천복합CC#1,신인천복합CC#1,신인천복합CC#4,인천복합1CC,포천복합 2CC,포천복합 2CC,포천복합 2CC,포천복합 2CC,안동복합CC,동두천복합2CC,동탄열병합1CC
2024-08-04,육지계통,서울복합#1CC,서울복합#1CC,신평택복합CC,신평택복합CC,신평택복합CC,신평택복합CC,신평택복합CC,포스코복합8CC,포스코복합8CC,포스코복합8CC,포스코에너지복합4CC,포스코에너지복합4CC,오성복합CC,오성복합CC,오성복합CC,동두천복합2CC,오성복합CC,동두천복합2CC,동두천복합2CC,동두천복합2CC,오성복합CC,동두천복합1CC,동두천복합1CC,동두천복합1CC
2024-08-05,육지계통,안양열병합2-2CC,신평택복합CC,신평택복합CC,신평택복합CC,신평택복합CC,신평택복합CC,오성복합CC,포스코복합8CC,오성복합CC,신인천복합CC#1,신인천복합CC#1,신인천복합CC#3,신인천복합CC#3,화성열병합 CC#1,판교열병합1CC,무림파워텍열병합(중앙),양주열병합CC,인천복합3CC,인천복합3CC,인천복합3CC,포천복합 2CC,포천복합 2CC,동두천복합2CC,평택복합2CC
2024-08-06,육지계통,오성복합CC,인천복합2CC,인천복합2CC,안양열병합2-2CC,안양열병합2-2CC,안양열병합2-2CC,포스코복합8CC,포스코복합8CC,포천복합 2CC,화성열병합 CC#1,서인천복합1CC#7,화성열병합 CC#1,서인천복합1CC#7,일산복합1CC,부천복합CC,무림파워텍열병합(중앙),서인천복합1CC#5,서인천복합1CC#5,서인천복합1CC#1,울산복합CC#2,포천복합 2CC,포천복합 2CC,동두천복합2CC,동두천복합1CC
2024-08-07,육지계통,안산복합 CC,인천복합2CC,안양열병합2-2CC,안양열병합2-2CC,안양열병합2-2CC,안양열병합2-2CC,인천복합2CC,포천천연복합1CC,포천복합 1CC,인천복합1CC,화성열병합 CC#1,화성열병합 CC#1,신인천복합CC#3,양주열병합CC,양주열병합CC,서인천복합1CC#5,서인천복합1CC#5,울산복합CC#2,울산복합CC#2,울산복합CC#2,포천복합 2CC,포천복합 1CC,동두천복합2CC,동두천복합1CC
2024-08-08,육지계통,안산복합 CC,인천복합2CC,안양열병합2-2CC,안양열병합2-2CC,안양열병합2-2CC,안양열병합2-2CC,인천복합2CC,포스코복합8CC,포천복합 1CC,인천복합3CC,서인천복합1CC#5,양주열병합CC,양주열병합CC,송도열병합발전1CC,양주열병합CC,신인천복합CC#3,서인천복합1CC#5,울산복합CC#2,울산복합CC#2,울산복합CC#2,포천복합 1CC,부산복합3CC,동두천복합2CC,동두천복합1CC
2024-08-09,육지계통,안산복합 CC,포스코복합7CC,안양열병합2-2CC,안양열병합2-2CC,안양열병합2-2CC,인천복합2CC,인천복합2CC,포스코복합8CC,포천복합 2CC,인천복합1CC,서인천복합1CC#4,신인천복합CC#4,서인천복합1CC#4,신인천복합CC#3,양주열병합CC,무림파워텍열병합(중앙),양주열병합CC,신인천복합CC#3,인천복합1CC,부산복합1CC,부산복합1CC,동두천복합2CC,동두천복합2CC,동두천복합1CC
2024-08-10,육지계통,포천복합 2CC,안산복합 CC,안양열병합2-2CC,안양열병합2-2CC,안양열병합2-2CC,안양열병합2-2CC,포천천연복합1CC,포스코복합8CC,포스코복합8CC,포천천연복합1CC,포천복합 2CC,포천복합 2CC,포천복합 2CC,포천복합 1CC,포천복합 1CC,포천복합 1CC,포천복합 1CC,하남열병합1CC,포천복합 1CC,포천복합 1CC,동두천복합2CC,포스코복합8CC,동두천복합1CC,동두천복합1CC
2024-08-11,육지계통,서울복합#2CC,안양열병합2-2CC,신평택복합CC,신평택복합CC,신평택복합CC,신평택복합CC,신평택복합CC,포스코복합7CC,춘천열병합CC,포스코에너지복합4CC,포스코에너지복합4CC,포스코에너지복합4CC,동두천복합2CC,포스코에너지복합4CC,동두천복합2CC,동두천복합2CC,포스코에너지복합4CC,포천복합 1CC,포천복합 1CC,포천복합 1CC,포천복합 1CC,동두천복합2CC,포스코복합8CC,동두천복합1CC
2024-08-12,육지계통,안산복합 CC,인천복합2CC,안양열병합2-2CC,안양열병합2-2CC,신평택복합CC,안양열병합2-2CC,인천복합2CC,포스코복합8CC,동두천복합2CC,인천복합1CC,신인천복합CC#3,신인천복합CC#3,신인천복합CC#3,양주열병합CC,양주열병합CC,무림파워텍열병합(중앙),양주열병합CC,서인천복합1CC#2,울산복합CC#3,울산복합CC#3,포천복합 2CC,포천복합 2CC,동두천복합2CC,동두천복합1CC
2024-08-13,육지계통,오성복합CC,평택복합2CC,서울복합#1CC,평택복합2CC,안양열병합2-2CC,평택복합2CC,서울복합#1CC,포천천연복합1CC,동두천복합2CC,신인천복합CC#3,신인천복합CC#3,신인천복합CC#3,신인천복합CC#3,양주열병합CC,양주열병합CC,양주열병합CC,보령복합1CC,보령복합1CC,보령복합1CC,서인천복합1CC#2,군산복합화력1CC,무림파워텍열병합(중앙),동두천복합2CC,포스코복합8CC
2024-08-14,육지계통,포천천연복합1CC,서울복합#1CC,서울복합#1CC,서울복합#1CC,안양열병합2-2CC,서울복합#1CC,서울복합#1CC,포스코복합8CC,포천복합 1CC,신인천복합CC#1,서인천복합1CC#4,신인천복합CC#3,신인천복합CC#3,양주열병합CC,양주열병합CC,양주열병합CC,보령복합1CC,보령복합1CC,보령복합1CC,서인천복합1CC#2,울산복합CC#2,포천복합 1CC,동두천복합2CC,포스코복합8CC
2024-08-15,육지계통,포천복합 1CC,춘천열병합CC,춘천열병합CC,춘천열병합CC,춘천열병합CC,서울복합#2CC,서울복합#1CC,포천천연복합1CC,오성복합CC,오성복합CC,포스코에너지복합3CC,포스코에너지복합3CC,포스코에너지복합3CC,포천복합 2CC,양주열병합CC,양주열병합CC,양주열병합CC,포천복합 2CC,인천복합1CC,하남열병합1CC,하남열병합1CC,포천복합 2CC,동두천복합2CC,포스코복합8CC
2024-08-16,육지계통,서울복합#2CC,포스코복합7CC,포스코복합7CC,안양열병합2-2CC,안양열병합2-2CC,안양열병합2-2CC,포천천연복합1CC,포스코복합8CC,동두천복합2CC,인천복합1CC,신인천복합CC#2,신인천복합CC#2,서인천복합1CC#7,신인천복합CC#3,인천복합3CC,인천복합3CC,인천복합3CC,서인천복합1CC#1,울산복합CC#2,울산복합CC#2,포천복합 2CC,포천복합 2CC,동두천복합2CC,동두천복합1CC
2024-08-17,육지계통,서울복합#2CC,포스코복합7CC,포스코복합7CC,안양열병합2-2CC,안양열병합2-2CC,안양열병합2-2CC,안양열병합2-2CC,포스코복합8CC,포천천연복합1CC,포스코에너지복합4CC,포천복합 2CC,포천복합 2CC,포천복합 1CC,판교열병합1CC,신인천복합CC#4,신인천복합CC#1,포천복합 1CC,하남열병합1CC,하남열병합1CC,하남열병합1CC,포천복합 1CC,동두천복합2CC,동두천복합2CC,평택복합2CC
2024-08-18,육지계통,서울복합#1CC,서울복합#1CC,인천복합2CC,신평택복합CC,신평택복합CC,신평택복합CC,신평택복합CC,포스코복합8CC,포스코복합8CC,포스코에너지복합4CC,포스코에너지복합4CC,오성복합CC,포스코에너지복합4CC,포스코에너지복합6CC,포스코에너지복합6CC,포천복합 1CC,포천복합 1CC,포천복합 1CC,하남열병합1CC,하남열병합1CC,포천천연복합1CC,동두천복합2CC,동두천복합2CC,평택복합2CC
2024-08-19,육지계통,인천복합2CC,인천복합2CC,신평택복합CC,신평택복합CC,신평택복합CC,신평택복합CC,오성복합CC,오성복합CC,오성복합CC,신인천복합CC#2,양주열병합CC,양주열병합CC,인천복합3CC,일산복합1CC,일산복합1CC,분당복합2CC,분당복합2CC,양주열병합CC,울산복합CC#2,서인천복합1CC#5,서인천복합1CC#4,포천복합 1CC,포천복합 2CC,동두천복합1CC
2024-08-20,육지계통,오성복합CC,평택복합2CC,서울복합#1CC,서울복합#1CC,서울복합#1CC,평택복합2CC,평택복합2CC,포스코복합8CC,포천복합 1CC,양주열병합CC,서인천복합1CC#6,일산복합1CC,송도열병합발전1CC,일산복합1CC,일산복합1CC,무림파워텍열병합(중앙),송도열병합발전1CC,송도열병합발전1CC,서인천복합1CC#6,서인천복합1CC#5,울산복합CC#2,포천복합 1CC,동두천복합2CC,동두천복합1CC
2024-08-21,육지계통,오성복합CC,서울복합#2CC,서울복합#1CC,안양열병합2-2CC,서울복합#1CC,서울복합#2CC,포스코복합8CC,포천천연복합1CC,포스코에너지복합3CC,서인천복합1CC#6,일산복합1CC,일산복합1CC,일산복합2CC,일산복합1CC,일산복합1CC,일산복합2CC,양주열병합CC,서인천복합1CC#6,아산배방열병합CC,서인천복합1CC#5,울산복합CC#2,부산복합1CC,동두천복합2CC,동두천복합1CC
2024-08-22,육지계통,오성복합CC,포스코복합8CC,서울복합#1CC,안양열병합2-2CC,안양열병합2-2CC,서울복합#1CC,포스코복합8CC,포천천연복합1CC,포천복합 1CC,신인천복합CC#4,양주열병합CC,양주열병합CC,양주열병합CC,양주열병합CC,서인천복합1CC#6,서인천복합1CC#6,서인천복합1CC#6,양주열병합CC,서인천복합1CC#5,울산복합CC#2,율촌복합 2호기 CC,포천복합 2CC,동두천복합2CC,동두천복합1CC
2024-08-23,육지계통,안산복합 CC,포스코복합7CC,포스코복합7CC,안양열병합2-2CC,안양열병합2-2CC,인천복합2CC,인천복합2CC,포스코복합8CC,동두천복합2CC,신인천복합CC#1,신인천복합CC#4,신인천복합CC#4,신인천복합CC#4,신인천복합CC#2,신인천복합CC#2,양주열병합CC,양주열병합CC,인천복합1CC,포천복합 2CC,포천복합 2CC,포천복합 2CC,안동복합CC,동두천복합1CC,평택복합2CC
2024-08-24,육지계통,평택복합2CC,신평택복합CC,신평택복합CC,신평택복합CC,신평택복합CC,신평택복합CC,신평택복합CC,포스코복합8CC,포스코복합8CC,포천천연복합1CC,동두천복합2CC,포천복합 1CC,포천복합 1CC,포천복합 1CC,신인천복합CC#1,포천복합 1CC,하남열병합1CC,하남열병합1CC,하남열병합1CC,동두천복합2CC,동두천복합2CC,동두천복합1CC,동두천복합1CC,동두천복합1CC
2024-08-25,육지계통,안산복합 CC,신평택복합CC,신평택복합CC,신평택복합CC,신평택복합CC,신평택복합CC,신평택복합CC,포스코복합8CC,포스코복합8CC,포스코에너지복합4CC,포스코에너지복합4CC,포스코에너지복합4CC,동두천복합2CC,포스코에너지복합6CC,포스코에너지복합6CC,동두천복합2CC,동두천복합2CC,동두천복합2CC,포스코에너지복합6CC,동두천복합2CC,동두천복합2CC,동두천복합1CC,동두천복합1CC,동두천복합1CC
2024-08-26,육지계통,안양열병합2-2CC,신평택복합CC,신평택복합CC,신평택복합CC,신평택복합CC,신평택복합CC,신평택복합CC,포스코복합8CC,동두천복합2CC,인천복합1CC,인천복합3CC,분당복합1CC,인천복합3CC,분당복합1CC,송도열병합발전1CC,분당복합1CC,송도열병합발전1CC,분당복합1CC,보령복합1CC,보령복합1CC,울산복합CC#3,포천복합 1CC,안동복합CC,동두천복합1CC
2024-08-27,육지계통,서울복합#2CC,포스코복합7CC,안양열병합2-2CC,안양열병합2-2CC,안양열병합2-2CC,안양열병합2-2CC,서울복합#1CC,포스코복합8CC,동두천복합2CC,신인천복합CC#4,신인천복합CC#3,양주열병합CC,서인천복합1CC#7,신인천복합CC#4,인천복합3CC,인천복합3CC,울산복합CC#3,울산복합CC#3,울산복합CC#3,울산복합CC#3,포천복합 2CC,동두천복합2CC,포스코복합8CC,동두천복합1CC
2024-08-28,육지계통,안산복합 CC,안양열병합2-2CC,신평택복합CC,신평택복합CC,신평택복합CC,안양열병합2-2CC,안양열병합2-2CC,포스코복합8CC,동두천복합2CC,인천복합1CC,신인천복합CC#4,신인천복합CC#4,신인천복합CC#4,신인천복합CC#4,신인천복합CC#4,부천복합CC,포천복합 2CC,포천복합 2CC,포천복합 2CC,포천복합 2CC,동두천복합2CC,동두천복합2CC,포스코복합8CC,동두천복합1CC
2024-08-29,육지계통,안양열병합2-2CC,신평택복합CC,신평택복합CC,신평택복합CC,파주문산복합2CC,신평택복합CC,신평택복합CC,포스코복합8CC,포천복합 2CC,포천복합 2CC,포천복합 2CC,포천복합 2CC,포스코에너지복합3CC,포천복합 2CC,화성열병합 CC#1,포천복합 1CC,포천복합 1CC,포천복합 1CC,포스코에너지복합5CC,동두천복합1CC,포천복합 1CC,동두천복합1CC,포스코복합8CC,안산복합 CC
2024-08-30,육지계통,안양열병합2-2CC,신평택복합CC,신평택복합CC,신평택복합CC,신평택복합CC,신평택복합CC,신평택복합CC,포스코복합8CC,포스코에너지복합3CC,포스코에너지복합3CC,화성열병합 CC#1,화성열병합 CC#1,포천복합 2CC,화성열병합 CC#1,신인천복합CC#1,신인천복합CC#4,인천복합1CC,인천복합1CC,포천복합 2CC,동두천복합2CC,동두천복합2CC,동두천복합2CC,포스코복합8CC,동두천복합1CC
2024-08-31,육지계통,동두천복합2CC,서울복합#1CC,신평택복합CC,신평택복합CC,신평택복합CC,신평택복합CC,신평택복합CC,포스코복합8CC,포스코복합8CC,포스코복합8CC,동두천복합2CC,동두천복합2CC,포천복합 1CC,판교열병합1CC,포스코에너지복합5CC,포스코에너지복합5CC,포스코에너지복합5CC,포천복합 1CC,포스코에너지복합5CC,동두천복합2CC,동두천복합1CC,동두천복합1CC,동두천복합1CC,평택복합2CC
2024-09-01,육지계통,안양열병합2-2CC,신평택복합CC,신평택복합CC,신평택복합CC,신평택복합CC,신평택복합CC,신평택복합CC,신평택복합CC,동탄열병합1CC,인천복합3CC,안산복합 CC,평택복합2CC,동두천복합1CC,동두천복합1CC,동두천복합1CC,동두천복합2CC,동두천복합2CC,동두천복합2CC,동두천복합2CC,동두천복합2CC,동두천복합1CC,평택복합2CC,안산복합 CC,서울복합#1CC
2024-09-02,육지계통,파주문산복합1CC,신평택복합CC,신평택복합CC,신평택복합CC,신평택복합CC,신평택복합CC,신평택복합CC,포천천연복합1CC,동두천복합2CC,대전서남부열병합,인천복합1CC,인천복합1CC,포천복합 1CC,신인천복합CC#4,서인천복합1CC#1,부천복합CC,서인천복합1CC#1,인천복합1CC,포천복합 1CC,포천복합 1CC,포천복합 1CC,포천복합 1CC,포천복합 1CC,안산복합 CC
2024-09-03,육지계통,인천복합2CC,신평택복합CC,신평택복합CC,신평택복합CC,신평택복합CC,신평택복합CC,포스코복합8CC,포스코복합8CC,동두천복합1CC,오성복합CC,화성열병합 CC#1,오성복합CC,동두천복합1CC,화성열병합 CC#1,포천복합 2CC,신인천복합CC#1,포천복합 2CC,포천복합 1CC,오성복합CC,오성복합CC,동두천복합2CC,동두천복합1CC,안산복합 CC,안산복합 CC
2024-09-04,육지계통,신평택복합CC,신평택복합CC,신평택복합CC,신평택복합CC,신평택복합CC,신평택복합CC,포스코복합8CC,포스코복합8CC,동두천복합1CC,포천복합 1CC,포천복합 1CC,화성열병합 CC#1,포천복합 1CC,포천복합 2CC,포천복합 2CC,포천복합 2CC,포스코에너지복합5CC,포스코에너지복합5CC,포천복합 2CC,포천복합 2CC,동두천복합1CC,포스코복합8CC,포스코복합8CC,안산복합 CC
2024-09-05,육지계통,인천복합2CC,신평택복합CC,신평택복합CC,신평택복합CC,신평택복합CC,신평택복합CC,신평택복합CC,포스코복합8CC,동두천복합1CC,동두천복합2CC,동두천복합2CC,화성열병합 CC#1,동두천복합2CC,포천복합 1CC,포천복합 1CC,포천복합 2CC,포천복합 2CC,포천복합 2CC,포천복합 2CC,포천복합 2CC,동두천복합1CC,동두천복합1CC,동두천복합1CC,안산복합 CC
2024-09-06,육지계통,서울복합#1CC,신평택복합CC,신평택복합CC,신평택복합CC,신평택복합CC,신평택복합CC,포천천연복합1CC,포스코복합8CC,동두천복합2CC,포천복합 1CC,화성열병합 CC#1,화성열병합 CC#1,포스코에너지복합5CC,신인천복합CC#2,인천복합1CC,인천복합1CC,인천복합1CC,포천복합 1CC,동두천복합2CC,동두천복합2CC,동두천복합2CC,동두천복합1CC,동두천복합1CC,동두천복합1CC
2024-09-07,육지계통,안산복합 CC,서울복합#2CC,안양열병합2-1CC,안양열병합2-1CC,안양열병합2-1CC,안양열병합2-1CC,포스코복합8CC,포스코복합8CC,포스코복합8CC,하남열병합1CC,하남열병합1CC,화성열병합 CC#1,하남열병합1CC,포스코에너지복합6CC,화성열병합 CC#1,화성열병합 CC#1,포천복합 1CC,포천복합 1CC,포천복합 1CC,포천복합 1CC,동두천복합2CC,동두천복합1CC,동두천복합1CC,안산복합 CC
2024-09-08,육지계통,춘천열병합CC,안양열병합2-2CC,안양열병합2-1CC,안양열병합2-1CC,안양열병합2-1CC,안양열병합2-1CC,안양열병합2-1CC,안양열병합2-1CC,안양열병합2-1CC,포스코복합7CC,포스코복합7CC,안산복합 CC,파주열병합1CC,안산복합 CC,포천천연복합1CC,동두천복합1CC,동두천복합1CC,동두천복합2CC,동두천복합2CC,포스코에너지복합6CC,동두천복합2CC,동두천복합1CC,평택복합2CC,평택복합2CC
2024-09-09,육지계통,인천복합2CC,신평택복합CC,신평택복합CC,신평택복합CC,신평택복합CC,신평택복합CC,포스코복합7CC,포천천연복합1CC,동두천복합2CC,화성열병합 CC#1,신인천복합CC#4,신인천복합CC#4,포스코에너지복합5CC,신인천복합CC#4,신인천복합CC#3,신인천복합CC#3,포스코에너지복합5CC,포스코에너지복합5CC,포스코에너지복합5CC,포천복합 1CC,포천복합 1CC,화성열병합 CC#1,동두천복합1CC,평택복합2CC
2024-09-10,육지계통,포스코에너지복합4CC,인천복합2CC,안양열병합2-2CC,안양열병합2-2CC,안양열병합2-2CC,인천복합2CC,서울복합#2CC,포스코복합8CC,포스코복합8CC,포천복합 2CC,포천복합 2CC,신인천복합CC#1,신인천복합CC#2,신인천복합CC#3,양주열병합CC,송도열병합발전1CC,송도열병합발전1CC,양주열병합CC,서인천복합1CC#2,서인천복합1CC#2,포천복합 1CC,포천복합 1CC,동두천복합2CC,동두천복합1CC
2024-09-11,육지계통,오성복합CC,평택복합2CC,평택복합2CC,서울복합#1CC,서울복합#1CC,평택복합2CC,평택복합2CC,포스코복합8CC,동두천복합2CC,인천복합3CC,서인천복합1CC#2,양주열병합CC,양주열병합CC,신인천복합CC#3,서인천복합1CC#5,울산복합CC#2,울산복합CC#2,울산복합CC#2,울산복합CC#2,울산복합CC#2,서인천복합1CC#8,부산복합1CC,안동복합CC,동두천복합1CC
2024-09-12,육지계통,포천천연복합1CC,포스코복합7CC,춘천열병합CC,춘천열병합CC,춘천열병합CC,춘천열병합CC,포스코복합8CC,포스코복합8CC,포스코에너지복합3CC,인천복합3CC,서인천복합1CC#2,신인천복합CC#3,신인천복합CC#3,신인천복합CC#3,양주열병합CC,무림파워텍열병합(중앙),울산복합CC#3,신인천복합CC#3,신인천복합CC#3,신인천복합CC#3,군산복합화력1CC,포천복합 1CC,포천복합 2CC,동두천복합2CC
2024-09-13,육지계통,오성복합CC,춘천열병합CC,춘천열병합CC,춘천열병합CC,춘천열병합CC,포스코에너지복합4CC,포스코복합8CC,포스코복합8CC,오성복합CC,포천복합 1CC,포천복합 1CC,포천복합 1CC,포스코에너지복합3CC,포천복합 1CC,포천복합 1CC,포천복합 1CC,포천복합 1CC,오성복합CC,오성복합CC,오성복합CC,오성복합CC,포스코복합8CC,안산복합 CC,파주열병합1CC
2024-09-14,육지계통,별내열병합CC,오성복합CC,포스코에너지복합4CC,서울복합#2CC,서울복합#1CC,서울복합#1CC,포스코복합8CC,포스코복합8CC,포스코에너지복합3CC,하남열병합1CC,하남열병합1CC,하남열병합1CC,하남열병합1CC,화성열병합 CC#1,화성열병합 CC#1,하남열병합1CC,하남열병합1CC,포천복합 1CC,화성열병합 CC#1,포천복합 2CC,포천복합 1CC,오성복합CC,포스코복합8CC,평택복합2CC
2024-09-15,육지계통,포스코에너지복합4CC,신평택복합CC,신평택복합CC,신평택복합CC,신평택복합CC,신평택복합CC,신평택복합CC,신평택복합CC,인천복합2CC,서울복합#1CC,서울복합#2CC,포스코복합7CC,평택복합2CC,포스코에너지복합4CC,포스코에너지복합4CC,하남열병합1CC,하남열병합1CC,하남열병합1CC,별내열병합CC,하남열병합1CC,화성열병합 CC#1,포스코복합8CC,춘천열병합CC,서울복합#2CC
2024-09-16,육지계통,안양열병합2-1CC,신평택복합CC,신평택복합CC,신평택복합CC,신평택복합CC,신평택복합CC,신평택복합CC,신평택복합CC,신평택복합CC,신평택복합CC,서울복합#1CC,춘천열병합CC,춘천열병합CC,춘천열병합CC,포스코복합7CC,평택복합2CC,평택복합2CC,평택복합2CC,평택복합2CC,포스코복합7CC,포스코복합7CC,인천복합2CC,인천복합2CC,안양열병합2-1CC
2024-09-17,육지계통,파주문산복합1CC,파주문산복합2CC,김포열병합 CC,김포열병합 CC,김포열병합 CC,김포열병합 CC,파주문산복합2CC,파주문산복합2CC,파주문산복합1CC,파주문산복합1CC,신평택복합CC,신평택복합CC,신평택복합CC,안양열병합2-1CC,안양열병합2-1CC,인천복합2CC,인천복합2CC,춘천열병합CC,화성열병합 CC#1,춘천열병합CC,춘천열병합CC,인천복합2CC,광교열병합CC,신평택복합CC
2024-09-18,육지계통,신평택복합CC,신평택복합CC,신평택복합CC,신평택복합CC,신평택복합CC,신평택복합CC,신평택복합CC,신평택복합CC,안양열병합2-1CC,인천복합2CC,인천복합2CC,춘천열병합CC,춘천열병합CC,춘천열병합CC,춘천열병합CC,평택복합2CC,평택복합2CC,평택복합2CC,평택복합2CC,포스코복합7CC,포스코복합7CC,서울복합#1CC,광교열병합CC,안양열병합2-1CC
2024-09-19,육지계통,신평택복합CC,신평택복합CC,신평택복합CC,신평택복합CC,신평택복합CC,신평택복합CC,신평택복합CC,안양열병합2-2CC,평택복합2CC,하남열병합1CC,오성복합CC,하남열병합1CC,하남열병합1CC,포천복합 1CC,포천복합 1CC,판교열병합1CC,포천복합 1CC,포천복합 1CC,포천복합 1CC,오성복합CC,동두천복합1CC,동두천복합1CC,춘천열병합CC,서울복합#1CC
2024-09-20,육지계통,신인천복합1GT,하남열병합1CC,하남열병합1CC,안양열병합2-2CC,안양열병합2-2CC,포스코복합9CC,포스코복합8CC,포스코에너지복합3CC,서인천복합1CC#2,수완열병합CC,수완열병합CC,수완열병합CC,신인천복합CC#3,수완열병합CC,수완열병합CC,울산복합CC#3,울산복합CC#3,울산복합CC#3,울산복합CC#2,수완열병합CC,수완열병합CC,포천복합 1CC,화성열병합 CC#1,하남열병합1CC
2024-09-21,육지계통,평택복합2CC,춘천열병합CC,포스코복합7CC,신평택복합CC,신평택복합CC,신평택복합CC,신평택복합CC,포스코복합8CC,동두천복합2CC,화성열병합 CC#1,화성열병합 CC#1,화성열병합 CC#1,평택복합2CC,평택복합2CC,평택복합2CC,동두천복합1CC,동두천복합1CC,동두천복합1CC,파주열병합1CC,파주열병합1CC,동두천복합1CC,동두천복합1CC,동두천복합1CC,동두천복합1CC
2024-09-22,육지계통,포스코복합7CC,안양열병합2-1CC,안양열병합2-1CC,안양열병합2-1CC,안양열병합2-1CC,안양열병합2-1CC,안양열병합2-1CC,포스코복합8CC,포스코복합8CC,포스코복합8CC,포스코복합8CC,평택복합2CC,평택복합2CC,화성열병합 CC#1,평택복합2CC,화성열병합 CC#1,평택복합2CC,평택복합2CC,평택복합2CC,화성열병합 CC#1,평택복합2CC,포스코복합8CC,포천천연복합1CC,춘천열병합CC
2024-09-23,육지계통,안양열병합2-2CC,신평택복합CC,신평택복합CC,신평택복합CC,신평택복합CC,신평택복합CC,신평택복합CC,포천천연복합1CC,동두천복합1CC,포천복합 1CC,포천복합 2CC,포천복합 2CC,포천복합 2CC,신인천복합CC#2,인천복합1CC,신인천복합CC#4,신인천복합CC#4,포스코에너지복합5CC,포스코에너지복합5CC,포천복합 2CC,동두천복합2CC,포스코복합8CC,동두천복합1CC,동두천복합1CC
2024-09-24,육지계통,신평택복합CC,신평택복합CC,신평택복합CC,신평택복합CC,신평택복합CC,신평택복합CC,신평택복합CC,신평택복합CC,동두천복합2CC,포천복합 1CC,별내열병합CC,포천복합 1CC,포천복합 1CC,포천복합 1CC,포천복합 1CC,포천복합 1CC,하남열병합1CC,하남열병합1CC,포스코복합8CC,포스코복합8CC,포스코복합8CC,서울복합#2CC,춘천열병합CC,신평택복합CC
2024-09-25,육지계통,신평택복합CC,신평택복합CC,신평택복합CC,신평택복합CC,신평택복합CC,신평택복합CC,신평택복합CC,포스코복합9CC,안양열병합2-2CC,평택복합2CC,포천천연복합1CC,포천천연복합1CC,포천천연복합1CC,포천천연복합1CC,포스코복합9CC,포스코복합9CC,포스코복합9CC,포스코복합9CC,포스코복합9CC,파주열병합1CC,서울복합#1CC,안양열병합2-2CC,안양열병합2-2CC,신평택복합CC
2024-09-26,육지계통,신평택복합CC,신평택복합CC,신평택복합CC,신평택복합CC,신평택복합CC,신평택복합CC,신평택복합CC,포스코복합9CC,포스코복합9CC,포스코복합9CC,포스코복합9CC,동두천복합1CC,동두천복합1CC,동두천복합1CC,동두천복합1CC,평택복합2CC,평택복합2CC,포스코복합9CC,포스코복합9CC,포스코복합8CC,포스코복합8CC,포스코복합8CC,포스코복합7CC,신평택복합CC
2024-09-27,육지계통,신평택복합CC,신평택복합CC,신평택복합CC,신평택복합CC,신평택복합CC,신평택복합CC,포스코복합8CC,포스코복합9CC,포스코복합8CC,동두천복합1CC,오성복합CC,오성복합CC,동두천복합1CC,오성복합CC,오성복합CC,오성복합CC,오성복합CC,오성복합CC,오성복합CC,오성복합CC,오성복합CC,포스코복합8CC,서울복합#1CC,안양열병합2-2CC
2024-09-28,육지계통,안양열병합2-1CC,신평택복합CC,신평택복합CC,신평택복합CC,신평택복합CC,신평택복합CC,신평택복합CC,신평택복합CC,신평택복합CC,안양열병합2-2CC,서울복합#1CC,서울복합#2CC,서울복합#2CC,인천복합3CC,화성열병합 CC#1,평택복합2CC,평택복합2CC,평택복합2CC,평택복합2CC,포천천연복합1CC,포천천연복합1CC,서울복합#1CC,안양열병합2-2CC,신평택복합CC
2024-09-29,육지계통,파주문산복합2CC,여주복합CC,여주복합CC,여주복합CC,여주복합CC,여주복합CC,여주복합CC,파주문산복합2CC,파주문산복합2CC,신평택복합CC,신평택복합CC,신평택복합CC,신평택복합CC,신평택복합CC,신평택복합CC,안양열병합2-1CC,안양열병합2-1CC,서울복합#2CC,서울복합#2CC,서울복합#2CC,인천복합3CC,안양열병합2-1CC,신평택복합CC,신평택복합CC
2024-09-30,육지계통,파주문산복합2CC,여주복합CC,여주복합CC,여주복합CC,여주복합CC,여주복합CC,파주문산복합1CC,파주문산복합2CC,평택복합2CC,평택복합2CC,동두천복합1CC,동두천복합1CC,평택복합2CC,오성복합CC,오성복합CC,오성복합CC,오성복합CC,동두천복합1CC,동두천복합1CC,평택복합2CC,포천천연복합1CC,포스코복합7CC,인천복합3CC,대구그린파워 CC
2024-10-01,육지계통,신평택복합CC,파주문산복합1CC,파주문산복합1CC,여주복합CC,파주문산복합1CC,파주문산복합1CC,신평택복합CC,인천복합3CC,인천복합3CC,평택복합2CC,동두천복합1CC,동두천복합1CC,동두천복합1CC,동두천복합1CC,동두천복합1CC,동두천복합1CC,동두천복합1CC,포스코복합8CC,포스코복합8CC,포스코복합8CC,인천복합3CC,인천복합3CC,광교열병합CC,서울복합#1CC
2024-10-02,육지계통,신평택복합CC,김포열병합 CC,김포열병합 CC,김포열병합 CC,김포열병합 CC,신평택복합CC,신평택복합CC,안양열병합2-2CC,파주열병합1CC,포스코복합8CC,포스코복합8CC,포천천연복합1CC,평택복합2CC,포천천연복합1CC,포천천연복합1CC,포스코복합8CC,포스코복합8CC,포스코복합8CC,포스코복합8CC,포스코복합8CC,춘천열병합CC,안양열병합2-2CC,광교열병합CC,서울복합#1CC
2024-10-03,육지계통,여주복합CC,여주복합CC,여주복합CC,안양열병합2-1CC,여주복합CC,여주복합CC,여주복합CC,파주문산복합1CC,서울복합#1CC,춘천열병합CC,화성열병합 CC#1,화성열병합 CC#1,포스코복합7CC,포스코복합7CC,포스코복합7CC,포스코복합7CC,광교열병합CC,서울복합#1CC,서울복합#2CC,신평택복합CC,신평택복합CC,파주문산복합1CC,파주문산복합1CC,파주문산복합1CC
2024-10-04,육지계통,파주문산복합2CC,태안#1,태안#1,태안#1,태안#1,태안#1,여주복합CC,신평택복합CC,서울복합#1CC,인천복합3CC,파주열병합1CC,인천복합3CC,안양열병합2-2CC,안양열병합2-2CC,안양열병합2-2CC,안양열병합2-2CC,포스코복합7CC,포스코복합7CC,인천복합3CC,광교열병합CC,신평택복합CC,파주문산복합1CC,파주문산복합1CC,파주문산복합1CC
2024-10-05,육지계통,파주문산복합2CC,파주문산복합2CC,여주복합CC,양산열병합CC,대구열병합CC,대구열병합CC,파주문산복합2CC,파주문산복합2CC,파주문산복합2CC,파주문산복합2CC,파주문산복합2CC,인천복합3CC,파주문산복합1CC,파주문산복합1CC,파주문산복합1CC,파주문산복합1CC,파주문산복합1CC,파주문산복합2CC,세종천연가스CC,세종천연가스CC,세종천연가스CC,세종천연가스CC,파주문산복합2CC,파주문산복합2CC
2024-10-06,육지계통,보령#5,삼천포#6,태안#1,태안#1,태안#1,태안#2,태안#2,태안#1,태안#1,태안#1,여주복합CC,여주복합CC,여주복합CC,파주문산복합1CC,파주문산복합1CC,파주문산복합1CC,파주문산복합1CC,파주문산복합1CC,파주문산복합1CC,파주문산복합1CC,파주문산복합1CC,파주문산복합1CC,여주복합CC,여주복합CC
2024-10-07,육지계통,여주복합CC,여주복합CC,여주복합CC,여주복합CC,여주복합CC,여주복합CC,파주문산복합2CC,파주문산복합1CC,인천복합3CC,인천복합3CC,영남파워1CC,영남파워1CC,평택복합2CC,포천천연복합1CC,포천천연복합1CC,포천천연복합1CC,포천천연복합1CC,포천천연복합1CC,포천천연복합1CC,파주열병합1CC,영남파워1CC,영남파워1CC,서울복합#1CC,서울복합#2CC
2024-10-08,육지계통,신평택복합CC,신평택복합CC,신평택복합CC,신평택복합CC,신평택복합CC,신평택복합CC,신평택복합CC,안양열병합2-2CC,포스코복합7CC,포스코복합7CC,춘천열병합CC,춘천열병합CC,안양열병합2-2CC,춘천열병합CC,포스코복합7CC,평택복합2CC,평택복합2CC,평택복합2CC,평택복합2CC,포스코복합7CC,안양열병합2-2CC,광교열병합CC,서울복합#2CC,서울복합#2CC
2024-10-09,육지계통,파주문산복합1CC,파주문산복합1CC,파주문산복합2CC,파주문산복합2CC,파주문산복합2CC,파주문산복합2CC,파주문산복합1CC,파주문산복합1CC,서울복합#2CC,포천천연복합1CC,포천천연복합1CC,화성열병합 CC#1,포천천연복합1CC,포천천연복합1CC,파주열병합1CC,신인천복합CC#1,포천천연복합1CC,포천천연복합1CC,파주열병합1CC,파주열병합1CC,춘천열병합CC,안양열병합2-2CC,안양열병합2-2CC,신평택복합CC
2024-10-10,육지계통,파주문산복합1CC,여주복합CC,여주복합CC,태안#9,태안#9,여주복합CC,대구열병합CC,파주문산복합1CC,안양열병합2-2CC,포천천연복합1CC,포천천연복합1CC,포천천연복합1CC,포스코복합7CC,포천천연복합1CC,포천천연복합1CC,포천천연복합1CC,포천천연복합1CC,포천천연복합1CC,포천천연복합1CC,포천천연복합1CC,춘천열병합CC,안양열병합2-2CC,안양열병합2-2CC,서울복합#2CC
2024-10-11,육지계통,신평택복합CC,신평택복합CC,신평택복합CC,신평택복합CC,신평택복합CC,신평택복합CC,신평택복합CC,신평택복합CC,평택복합2CC,포천천연복합1CC,포천천연복합1CC,포천천연복합1CC,포천천연복합1CC,포천천연복합1CC,신인천복합CC#1,신인천복합CC#1,포천천연복합1CC,평택복합2CC,평택복합2CC,포스코복합7CC,포스코복합7CC,인천복합3CC,안양열병합2-2CC,신평택복합CC
2024-10-12,육지계통,세종천연가스CC,여수화력#1,여수#2,여수#2,여수#2,여수#2,세종천연가스CC,파주문산복합2CC,파주문산복합1CC,파주문산복합2CC,신평택복합CC,신평택복합CC,신평택복합CC,신평택복합CC,파주문산복합1CC,신평택복합CC,신평택복합CC,신평택복합CC,GS당진복합1CC,GS당진복합1CC,GS당진복합1CC,GS당진복합1CC,GS당진복합1CC,GS당진복합1CC
2024-10-13,육지계통,신세종열병합CC,파주문산복합1CC,여주복합CC,보령#5,여주복합CC,파주문산복합2CC,파주문산복합2CC,파주문산복합2CC,여주복합CC,여주복합CC,여주복합CC,여주복합CC,여주복합CC,여주복합CC,여주복합CC,여주복합CC,여주복합CC,파주문산복합2CC,세종천연가스CC,세종천연가스CC,세종천연가스CC,신세종열병합CC,신세종열병합CC,파주문산복합2CC
2024-10-14,육지계통,파주문산복합2CC,여주복합CC,안양열병합2-1CC,안양열병합2-1CC,안양열병합2-1CC,안양열병합2-1CC,여주복합CC,신평택복합CC,포천천연복합1CC,판교열병합1CC,동두천복합1CC,동두천복합1CC,평택복합2CC,동두천복합1CC,동두천복합1CC,포천복합 1CC,포천복합 1CC,동두천복합1CC,동두천복합1CC,평택복합2CC,포천천연복합1CC,영남파워1CC,안양열병합2-2CC,신평택복합CC
2024-10-15,육지계통,신평택복합CC,신평택복합CC,신평택복합CC,여수화력#1,여수화력#1,신평택복합CC,신평택복합CC,서울복합#2CC,포천천연복합1CC,포천천연복합1CC,포천천연복합1CC,포천천연복합1CC,안양열병합2-2CC,포천천연복합1CC,평택복합2CC,동두천복합1CC,동두천복합1CC,동두천복합1CC,동두천복합1CC,평택복합2CC,평택복합2CC,포스코복합7CC,포스코복합7CC,안양열병합2-2CC
2024-10-16,육지계통,파주문산복합2CC,여주복합CC,여주복합CC,여주복합CC,여주복합CC,신평택복합CC,신평택복합CC,서울복합#2CC,평택복합2CC,평택복합2CC,부천복합CC,평택복합2CC,춘천열병합CC,평택복합2CC,평택복합2CC,평택복합2CC,포천천연복합1CC,포천천연복합1CC,포천천연복합1CC,포천천연복합1CC,포스코복합7CC,안양열병합2-2CC,광교열병합CC,신평택복합CC
2024-10-17,육지계통,파주문산복합2CC,여주복합CC,여주복합CC,여주복합CC,여주복합CC,파주문산복합1CC,파주문산복합1CC,안양열병합2-2CC,평택복합2CC,포천천연복합1CC,포천천연복합1CC,포천천연복합1CC,포천천연복합1CC,포천천연복합1CC,포천천연복합1CC,포천천연복합1CC,포천천연복합1CC,평택복합2CC,포천천연복합1CC,포천천연복합1CC,포스코복합7CC,안양열병합2-2CC,신평택복합CC,신평택복합CC
2024-10-18,육지계통,신세종열병합CC,신평택복합CC,신평택복합CC,파주문산복합2CC,신평택복합CC,신평택복합CC,신평택복합CC,신평택복합CC,울산복합CC#4,울산복합CC#4,울산복합CC#4,포천천연복합1CC,포스코복합8CC,동두천복합1CC,동두천복합1CC,동두천복합1CC,포천복합 1CC,울산복합CC#4,울산복합CC#4,포스코복합7CC,분당복합2CC,신평택복합CC,신평택복합CC,신평택복합CC
2024-10-19,육지계통,파주문산복합1CC,여주복합CC,여주복합CC,안양열병합2-1CC,안양열병합2-1CC,여주복합CC,여주복합CC,여주복합CC,파주문산복합1CC,신평택복합CC,신평택복합CC,신평택복합CC,신평택복합CC,파주문산복합2CC,파주문산복합1CC,파주문산복합1CC,파주문산복합1CC,파주문산복합2CC,파주열병합1CC,파주열병합1CC,파주문산복합2CC,파주문산복합2CC,여주복합CC,여주복합CC
2024-10-20,육지계통,여주복합CC,여주복합CC,여주복합CC,삼천포#3,삼천포#3,여주복합CC,여주복합CC,여주복합CC,여주복합CC,여주복합CC,여주복합CC,여주복합CC,안양열병합2-1CC,여주복합CC,파주문산복합2CC,파주문산복합2CC,신평택복합CC,신평택복합CC,신평택복합CC,신평택복합CC,파주문산복합2CC,파주문산복합2CC,파주문산복합1CC,파주문산복합1CC
2024-10-21,육지계통,여주복합CC,안양열병합2-1CC,안양열병합2-1CC,안양열병합2-1CC,안양열병합2-1CC,안양열병합2-1CC,신평택복합CC,신평택복합CC,파주열병합1CC,파주열병합1CC,파주열병합1CC,포천천연복합1CC,포천천연복합1CC,포천천연복합1CC,평택복합2CC,평택복합2CC,평택복합2CC,평택복합2CC,포천천연복합1CC,춘천열병합CC,포스코복합7CC,신평택복합CC,광교열병합CC,신평택복합CC
2024-10-22,육지계통,신평택복합CC,신평택복합CC,여주복합CC,여주복합CC,여주복합CC,신평택복합CC,신평택복합CC,신평택복합CC,평택복합2CC,포천천연복합1CC,포천복합 1CC,포천복합 1CC,포천천연복합1CC,포천복합 1CC,포천복합 1CC,포천복합 1CC,포천천연복합1CC,포천천연복합1CC,포천천연복합1CC,춘천열병합CC,포스코복합7CC,신평택복합CC,파주문산복합2CC,파주문산복합2CC
2024-10-23,육지계통,파주문산복합1CC,여주복합CC,여주복합CC,여주복합CC,여주복합CC,파주문산복합1CC,파주문산복합1CC,신평택복합CC,양주열병합CC,양주열병합CC,포스코복합7CC,양주열병합CC,신평택복합CC,인천복합2CC,양주열병합CC,포스코복합7CC,포스코복합7CC,양주열병합CC,파주열병합1CC,포스코복합7CC,인천복합2CC,신평택복합CC,신평택복합CC,신평택복합CC
2024-10-24,육지계통,여주복합CC,여주복합CC,여주복합CC,여주복합CC,여주복합CC,여주복합CC,신세종열병합CC,신세종열병합CC,신평택복합CC,포스코복합7CC,파주열병합1CC,안양열병합2-2CC,안양열병합2-2CC,안양열병합2-2CC,인천복합2CC,포스코복합7CC,포스코복합7CC,춘천열병합CC,춘천열병합CC,춘천열병합CC,신평택복합CC,신평택복합CC,신평택복합CC,파주문산복합1CC
2024-10-25,육지계통,여주복합CC,여주복합CC,여주복합CC,여주복합CC,여주복합CC,여주복합CC,파주문산복합1CC,파주문산복합1CC,분당복합2CC,파주열병합1CC,일산복합1CC,춘천열병합CC,서울복합#2CC,양주열병합CC,포스코에너지복합3CC,포스코에너지복합3CC,포스코에너지복합3CC,포스코에너지복합3CC,포스코에너지복합3CC,인천복합2CC,신평택복합CC,파주문산복합1CC,파주문산복합1CC,파주문산복합1CC
2024-10-26,육지계통,여주복합CC,여주복합CC,태안#1,태안#1,태안#1,삼천포#6,여주복합CC,여주복합CC,여주복합CC,파주문산복합1CC,안양열병합2-2CC,인천복합2CC,파주문산복합1CC,파주문산복합2CC,파주문산복합2CC,파주문산복합2CC,파주문산복합2CC,파주문산복합2CC,파주문산복합1CC,파주문산복합1CC,파주문산복합1CC,여주복합CC,여주복합CC,여주복합CC
2024-10-27,육지계통,양산열병합CC,하동#5,하동#5,하동#5,하동#5,하동#5,하동#5,여주복합CC,여주복합CC,파주문산복합2CC,파주문산복합1CC,동탄열병합2CC,인천복합2CC,파주문산복합1CC,파주문산복합2CC,파주문산복합2CC,파주문산복합2CC,파주문산복합2CC,파주문산복합2CC,파주문산복합2CC,파주문산복합2CC,여주복합CC,여주복합CC,태안#9
2024-10-28,육지계통,태안#9,영흥#5,영흥#5,영흥#5,태안#9,영흥#5,여주복합CC,인천복합2CC,파주열병합1CC,화성열병합 CC#1,포천천연복합1CC,화성열병합 CC#1,포천천연복합1CC,화성열병합 CC#1,부천복합CC,파주열병합1CC,포천천연복합1CC,포천천연복합1CC,포천천연복합1CC,포스코복합7CC,포스코복합7CC,포스코복합7CC,동탄열병합2CC,서울복합#2CC
2024-10-29,육지계통,서울복합#2CC,여주복합CC,여주복합CC,여주복합CC,여주복합CC,여주복합CC,동탄열병합2CC,동탄열병합2CC,파주열병합1CC,파주열병합1CC,화성열병합 CC#1,포천천연복합1CC,포천천연복합1CC,포천천연복합1CC,파주열병합1CC,포천천연복합1CC,포천천연복합1CC,포천천연복합1CC,포천천연복합1CC,춘천열병합CC,춘천열병합CC,파주열병합1CC,동탄열병합2CC,동탄열병합2CC
2024-10-30,육지계통,파주문산복합2CC,삼천포#6,삼천포#6,태안#9,서울복합#2CC,양산열병합CC,파주문산복합1CC,서울복합#2CC,파주열병합1CC,동탄열병합2CC,동탄열병합2CC,서울복합#2CC,파주문산복합1CC,파주문산복합1CC,하남열병합1CC,서울복합#2CC,동탄열병합2CC,동탄열병합2CC,동탄열병합2CC,동탄열병합2CC,동탄열병합2CC,파주문산복합1CC,동탄열병합2CC,동탄열병합2CC
2024-10-31,육지계통,파주문산복합2CC,여주복합CC,여주복합CC,여주복합CC,여주복합CC,파주문산복합1CC,파주문산복합1CC,신평택복합CC,파주열병합1CC,파주열병합1CC,화성열병합 CC#1,인천복합2CC,신평택복합CC,안양열병합2-2CC,화성열병합 CC#1,분당복합1CC,파주열병합1CC,포스코복합7CC,포스코복합7CC,포스코복합7CC,안양열병합2-2CC,인천복합2CC,신평택복합CC,신평택복합CC
2024-11-01,육지계통,파주문산복합1CC,신평택복합CC,신평택복합CC,안양열병합2-1CC,신평택복합CC,신평택복합CC,파주문산복합1CC,인천복합2CC,부천복합CC,분당복합1CC,분당복합1CC,포스코복합7CC,동탄열병합1CC,동탄열병합1CC,동탄열병합1CC,동탄열병합2CC,인천복합2CC,인천복합2CC,인천복합2CC,파주문산복합1CC,신평택복합CC,신평택복합CC,신평택복합CC,신평택복합CC
2024-11-02,육지계통,신평택복합CC,신평택복합CC,신평택복합CC,여주복합CC,신평택복합CC,신평택복합CC,신평택복합CC,신평택복합CC,파주문산복합1CC,파주문산복합2CC,동탄열병합2CC,평택복합2CC,파주문산복합2CC,파주문산복합2CC,파주문산복합2CC,파주문산복합2CC,파주문산복합1CC,파주문산복합2CC,파주문산복합2CC,파주문산복합2CC,파주문산복합2CC,파주문산복합1CC,파주문산복합2CC,파주문산복합2CC
2024-11-04,육지계통,신평택복합CC,여주복합CC,여주복합CC,여주복합CC,여주복합CC,신평택복합CC,신평택복합CC,동탄열병합2CC,인천복합2CC,분당복합1CC,양주열병합CC,포스코복합7CC,동탄열병합1CC,동탄열병합1CC,인천복합2CC,인천복합2CC,인천복합2CC,광교열병합CC,광교열병합CC,동탄열병합1CC,동탄열병합1CC,파주문산복합1CC,파주문산복합1CC,신평택복합CC
2024-11-05,육지계통,신평택복합CC,안양열병합2-1CC,여주복합CC,여주복합CC,여주복합CC,신평택복합CC,신평택복합CC,파주문산복합2CC,동탄열병합2CC,평택복합2CC,평택복합2CC,평택복합2CC,평택복합2CC,파주열병합1CC,파주열병합1CC,평택복합2CC,분당복합2CC,춘천열병합CC,춘천열병합CC,광교열병합CC,광교열병합CC,파주문산복합2CC,파주문산복합2CC,파주문산복합2CC
2024-11-06,육지계통,신평택복합CC,여주복합CC,여주복합CC,여주복합CC,여주복합CC,안양열병합2-1CC,동탄열병합1CC,동탄열병합1CC,인천복합2CC,양주열병합CC,부천복합CC,분당복합2CC,동탄열병합2CC,동탄열병합2CC,동탄열병합2CC,동탄열병합2CC,동탄열병합2CC,광교열병합CC,동탄열병합2CC,동탄열병합2CC,대구그린파워 CC,동탄열병합1CC,동탄열병합1CC,GS당진복합 4CC
2024-11-07,육지계통,신평택복합CC,김포열병합 CC,김포열병합 CC,김포열병합 CC,김포열병합 CC,신평택복합CC,동탄열병합2CC,파주문산복합2CC,동탄열병합1CC,분당복합2CC,부천복합CC,분당복합2CC,동탄열병합1CC,동탄열병합1CC,동탄열병합1CC,동탄열병합1CC,부천복합CC,분당복합2CC,동탄열병합1CC,동탄열병합1CC,동탄열병합2CC,파주문산복합2CC,동탄열병합1CC,파주문산복합2CC
2024-11-08,육지계통,동탄열병합1CC,김포열병합 CC,김포열병합 CC,김포열병합 CC,김포열병합 CC,신평택복합CC,동탄열병합1CC,동탄열병합1CC,동탄열병합1CC,인천복합2CC,양주열병합CC,포스코복합7CC,포스코복합7CC,양주열병합CC,분당복합1CC,분당복합1CC,양주열병합CC,포스코복합7CC,동탄열병합1CC,동탄열병합1CC,동탄열병합1CC,파주문산복합1CC,동탄열병합1CC,파주문산복합2CC
2024-11-09,육지계통,동탄열병합1CC,여주복합CC,여주복합CC,보령#6,보령#6,여주복합CC,여주복합CC,안양열병합2-1CC,안양열병합2-1CC,신평택복합CC,신평택복합CC,신평택복합CC,신평택복합CC,신평택복합CC,신평택복합CC,신평택복합CC,신평택복합CC,신평택복합CC,신평택복합CC,신평택복합CC,신평택복합CC,안양열병합2-1CC,안양열병합2-1CC,안양열병합2-1CC
2024-11-10,육지계통,대구열병합CC,영흥#5,영흥#5,영흥#5,영흥#5,영흥#5,보령#5,김포열병합 CC,김포열병합 CC,안양열병합2-1CC,안양열병합2-1CC,동탄열병합2CC,안양열병합2-1CC,동탄열병합1CC,안양열병합2-1CC,동탄열병합2CC,동탄열병합2CC,동탄열병합2CC,동탄열병합2CC,동탄열병합2CC,동탄열병합2CC,동탄열병합2CC,안양열병합2-1CC,안양열병합2-1CC
2024-11-11,육지계통,안양열병합2-1CC,영흥#5,영흥#5,영흥#5,영흥#5,안양열병합2-1CC,여주복합CC,파주문산복합2CC,동탄열병합1CC,인천복합2CC,분당복합1CC,인천복합2CC,포스코복합8CC,인천복합2CC,인천복합2CC,양주열병합CC,인천복합2CC,인천복합2CC,인천복합2CC,동탄열병합1CC,동탄열병합1CC,동탄열병합2CC,파주문산복합1CC,파주문산복합1CC
2024-11-12,육지계통,파주문산복합1CC,안양열병합2-1CC,김포열병합 CC,김포열병합 CC,김포열병합 CC,안양열병합2-1CC,동탄열병합1CC,동탄열병합1CC,노원열병합#1,노원열병합#1,인천복합2CC,동탄열병합2CC,파주문산복합2CC,하남열병합1CC,동탄열병합2CC,동탄열병합2CC,동탄열병합1CC,평택복합2CC,평택복합2CC,동탄열병합1CC,동탄열병합1CC,파주문산복합2CC,파주문산복합2CC,동탄열병합1CC
2024-11-13,육지계통,동탄열병합1CC,신평택복합CC,신평택복합CC,신평택복합CC,신평택복합CC,신평택복합CC,동탄열병합1CC,인천복합2CC,노원열병합#1,인천복합2CC,인천복합2CC,인천복합2CC,동탄열병합1CC,동탄열병합1CC,동탄열병합1CC,동탄열병합1CC,노원열병합#1,평택복합2CC,인천복합2CC,인천복합2CC,동탄열병합1CC,동탄열병합1CC,파주문산복합1CC,파주문산복합1CC
2024-11-14,육지계통,신평택복합CC,안양열병합2-1CC,안양열병합2-1CC,안양열병합2-1CC,안양열병합2-1CC,신평택복합CC,동탄열병합1CC,동탄열병합1CC,노원열병합#1,노원열병합#1,노원열병합#1,포스코복합7CC,포스코복합7CC,포스코복합7CC,노원열병합#1,노원열병합#1,노원열병합#1,평택복합2CC,포스코복합7CC,동탄열병합1CC,동탄열병합1CC,동탄열병합1CC,파주문산복합1CC,파주문산복합2CC
2024-11-15,육지계통,안양열병합2-1CC,여주복합CC,여주복합CC,여주복합CC,여주복합CC,여주복합CC,동탄열병합2CC,동탄열병합1CC,동탄열병합1CC,동탄열병합1CC,동탄열병합1CC,동탄열병합1CC,하남열병합1CC,동탄열병합1CC,노원열병합#1,인천복합2CC,동탄열병합1CC,동탄열병합1CC,동탄열병합1CC,동탄열병합1CC,파주문산복합2CC,파주문산복합1CC,파주문산복합2CC,동탄열병합2CC
2024-11-16,육지계통,안양열병합2-1CC,여주복합CC,하동#2,하동#5,하동#5,안양열병합2-1CC,여주복합CC,여주복합CC,여주복합CC,여주복합CC,여주복합CC,여주복합CC,안양열병합2-1CC,안양열병합2-1CC,영흥#5,하동#5,여주복합CC,여주복합CC,안양열병합2-1CC,안양열병합2-1CC,안양열병합2-1CC,여주복합CC,여주복합CC,여주복합CC
2024-11-17,육지계통,세종천연가스CC,여주복합CC,동해#2,하동#5,동해#2,여주복합CC,세종천연가스CC,안양열병합2-1CC,여주복합CC,여주복합CC,여주복합CC,여주복합CC,동탄열병합1CC,여주복합CC,여주복합CC,동탄열병합1CC,동탄열병합1CC,동탄열병합1CC,동탄열병합1CC,동탄열병합1CC,동탄열병합1CC,세종천연가스CC,세종천연가스CC,세종천연가스CC
2024-11-18,육지계통,여주복합CC,태안#4,태안#4,태안#4,태안#4,태안#4,세종천연가스CC,동탄열병합1CC,동탄열병합2CC,동탄열병합2CC,파주문산복합1CC,파주문산복합1CC,위례열병합CC,동탄열병합2CC,동탄열병합2CC,동탄열병합2CC,동탄열병합2CC,동탄열병합2CC,동탄열병합2CC,동탄열병합2CC,파주문산복합1CC,파주문산복합2CC,파주문산복합2CC,파주문산복합2CC
2024-11-19,육지계통,동탄열병합2CC,안양열병합2-1CC,안양열병합2-1CC,통영천연가스CC,통영천연가스CC,노원열병합#1,노원열병합#1,동탄열병합2CC,파주열병합1CC,양주열병합CC,화성열병합 CC#1,포스코복합7CC,포스코복합7CC,포스코복합7CC,포스코복합7CC,포스코복합7CC,포스코복합7CC,파주열병합1CC,광교열병합CC,동탄열병합2CC,노원열병합#1,파주문산복합2CC,파주문산복합2CC,노원열병합#1
2024-11-20,육지계통,파주문산복합2CC,여주복합CC,여주복합CC,여주복합CC,여주복합CC,파주문산복합1CC,동탄열병합2CC,동탄열병합2CC,동두천복합2CC,분당복합1CC,동두천복합2CC,춘천열병합CC,춘천열병합CC,춘천열병합CC,파주열병합1CC,포스코복합7CC,파주열병합1CC,포스코복합9CC,포스코복합9CC,서울복합#2CC,파주문산복합1CC,파주문산복합2CC,신평택복합CC,신평택복합CC
2024-11-21,육지계통,파주문산복합2CC,여주복합CC,여주복합CC,여주복합CC,여주복합CC,여주복합CC,안양열병합2-2CC,파주문산복합2CC,양주열병합CC,분당복합1CC,양주열병합CC,동탄열병합2CC,동탄열병합2CC,동탄열병합2CC,파주열병합1CC,광교열병합CC,파주열병합1CC,양주열병합CC,광교열병합CC,동탄열병합2CC,GS당진복합 4CC,GS당진복합 4CC,GS당진복합 4CC,GS당진복합 4CC
2024-11-22,육지계통,서울복합#2CC,여주복합CC,여주복합CC,여주복합CC,여주복합CC,여주복합CC,파주문산복합1CC,동탄열병합2CC,인천복합2CC,동탄열병합2CC,동탄열병합2CC,동탄열병합2CC,서울복합#2CC,동탄열병합2CC,동탄열병합2CC,동탄열병합2CC,동탄열병합2CC,동탄열병합2CC,동탄열병합2CC,안양열병합2-2CC,파주문산복합1CC,파주문산복합1CC,서울복합#2CC,동탄열병합1CC
2024-11-25,육지계통,안양열병합2-1CC,하동#5,하동#5,하동#5,하동#5,하동#5,안양열병합2-1CC,파주문산복합2CC,동탄열병합2CC,동탄열병합2CC,파주열병합1CC,인천복합3CC,동탄열병합2CC,동탄열병합2CC,동탄열병합2CC,동탄열병합2CC,양주열병합CC,동탄열병합2CC,동탄열병합2CC,서울복합#2CC,파주문산복합1CC,서울복합#2CC,서울복합#2CC,동탄열병합2CC
2024-11-26,육지계통,동탄열병합2CC,안양열병합2-1CC,여주복합CC,여주복합CC,안양열병합2-1CC,신평택복합CC,파주문산복합2CC,파주문산복합2CC,포천천연복합1CC,아산배방열병합CC,인천복합2CC,양주열병합CC,춘천열병합CC,춘천열병합CC,인천복합3CC,양주열병합CC,양주열병합CC,인천복합3CC,인천복합3CC,포스코복합7CC,동탄열병합2CC,동탄열병합1CC,파주문산복합2CC,동탄열병합1CC
2024-11-27,육지계통,파주문산복합2CC,신평택복합CC,여주복합CC,여주복합CC,여주복합CC,신평택복합CC,파주문산복합1CC,광교열병합CC,양주열병합CC,양주열병합CC,양주열병합CC,포천천연복합1CC,포천천연복합1CC,포천천연복합1CC,포천천연복합1CC,포천천연복합1CC,포천천연복합1CC,포천천연복합1CC,포천천연복합1CC,춘천열병합CC,동탄열병합1CC,동탄열병합2CC,파주문산복합1CC,파주문산복합1CC
2024-11-28,육지계통,서울복합#1CC,신평택복합CC,안양열병합2-1CC,여주복합CC,신평택복합CC,신평택복합CC,파주문산복합1CC,동탄열병합1CC,양주열병합CC,양주열병합CC,부천복합CC,화성열병합 CC#1,양주열병합CC,양주열병합CC,양주열병합CC,분당복합2CC,분당복합2CC,동두천복합1CC,포천천연복합1CC,분당복합2CC,포스코복합7CC,광교열병합CC,동탄열병합1CC,동탄열병합1CC
2024-11-29,육지계통,파주문산복합2CC,신평택복합CC,여주복합CC,여주복합CC,여주복합CC,신평택복합CC,파주문산복합1CC,안양열병합2-2CC,양주열병합CC,부천복합CC,부천복합CC,부천복합CC,동두천복합2CC,부천복합CC,부천복합CC,동두천복합2CC,동두천복합2CC,양주열병합CC,분당복합2CC,분당복합2CC,동탄열병합1CC,파주문산복합1CC,파주문산복합2CC,파주문산복합2CC
2024-11-30,육지계통,파주문산복합2CC,노원열병합#1,여주복합CC,여주복합CC,여주복합CC,노원열병합#1,파주문산복합2CC,파주문산복합2CC,파주문산복합2CC,파주문산복합2CC,파주문산복합2CC,파주문산복합2CC,파주문산복합1CC,파주문산복합1CC,신평택복합CC,파주문산복합1CC,파주문산복합1CC,파주문산복합1CC,파주문산복합1CC,파주문산복합1CC,파주문산복합1CC,서울복합#2CC,신평택복합CC,신평택복합CC
2024-12-01,육지계통,서울복합#1CC,여주복합CC,당진#1,당진#1,당진#1,서울복합#1CC,서울복합#2CC,서울복합#1CC,서울복합#2CC,파주문산복합1CC,파주문산복합1CC,파주문산복합1CC,파주문산복합1CC,여주복합CC,여주복합CC,파주문산복합1CC,파주문산복합1CC,서울복합#2CC,서울복합#2CC,서울복합#2CC,서울복합#2CC,파주문산복합1CC,파주문산복합2CC,서울복합#2CC
2024-12-02,육지계통,서울복합#1CC,태안#10,태안#10,태안#10,태안#10,당진#1,당진#1,파주문산복합1CC,양주열병합CC,분당복합1CC,인천복합2CC,분당복합2CC,포스코복합7CC,양주열병합CC,부천복합CC,부천복합CC,분당복합1CC,양주열병합CC,포스코복합7CC,양주열병합CC,동탄열병합1CC,서울복합#1CC,파주문산복합1CC,파주문산복합1CC
2024-12-03,육지계통,서울복합#2CC,당진#1,태안#10,태안#10,태안#10,당진#1,신보령화력#1,신평택복합CC,화성열병합 CC#1,양주열병합CC,분당복합1CC,춘천열병합CC,신평택복합CC,동탄열병합2CC,동탄열병합2CC,양주열병합CC,동탄열병합2CC,동탄열병합2CC,신평택복합CC,신평택복합CC,신평택복합CC,서울복합#2CC,세종천연가스CC,파주문산복합2CC
2024-12-04,육지계통,서울복합#2CC,태안#10,당진#1,당진#1,당진#1,태안#9,신평택복합CC,신평택복합CC,파주열병합1CC,분당복합2CC,파주열병합1CC,오성복합CC,포스코복합9CC,춘천열병합CC,인천복합1CC,양주열병합CC,파주열병합1CC,양주열병합CC,오성복합CC,오성복합CC,양주열병합CC,동탄열병합1CC,신평택복합CC,서울복합#2CC
2024-12-05,육지계통,여주복합CC,여주복합CC,태안#7,태안#7,태안#7,여주복합CC,파주문산복합1CC,동탄열병합2CC,인천복합1CC,파주열병합1CC,화성열병합 CC#1,파주열병합1CC,춘천열병합CC,춘천열병합CC,인천복합2CC,양주열병합CC,오성복합CC,인천복합3CC,광교열병합CC,동탄열병합1CC,광교열병합CC,동탄열병합2CC,동탄열병합1CC,서울복합#2CC
2024-12-06,육지계통,여주복합CC,태안#9,당진#1,당진#1,당진#1,태안#1,파주문산복합1CC,신평택복합CC,파주열병합1CC,양주열병합CC,화성열병합 CC#1,포스코복합7CC,동탄열병합1CC,동탄열병합1CC,동탄열병합1CC,인천복합3CC,양주열병합CC,광교열병합CC,안양열병합2-2CC,동탄열병합1CC,안양열병합2-2CC,서울복합#2CC,파주문산복합1CC,양산열병합CC
2024-12-07,육지계통,여주복합CC,신보령화력#1,태안#9,태안#1,태안#1,태안#9,여주복합CC,여주복합CC,여주복합CC,여주복합CC,파주문산복합1CC,안양열병합2-2CC,안양열병합2-2CC,안양열병합2-2CC,파주문산복합1CC,파주문산복합1CC,세종천연가스CC,세종천연가스CC,파주문산복합1CC,파주문산복합1CC,파주문산복합1CC,여주복합CC,여주복합CC,여주복합CC
2024-12-08,육지계통,안양열병합2-1CC,당진#1,당진#1,당진#1,당진#1,당진#1,안양열병합2-1CC,안양열병합2-1CC,안양열병합2-1CC,보령#7,안양열병합2-1CC,영흥#5,신월성#1,보령#7,영흥#5,보령#7,안양열병합2-1CC,파주문산복합1CC,파주문산복합1CC,파주문산복합1CC,파주문산복합1CC,파주문산복합1CC,파주문산복합1CC,보령#6
2024-12-09,육지계통,보령#6,태안#10,태안#10,태안#10,태안#10,태안#10,보령#6,동탄열병합1CC,분당복합1CC,분당복합1CC,분당복합1CC,분당복합2CC,포스코복합7CC,포스코복합7CC,분당복합2CC,포스코복합7CC,포스코복합7CC,포스코복합7CC,광교열병합CC,동탄열병합2CC,동탄열병합1CC,광교열병합CC,서울복합#1CC,파주문산복합1CC
2024-12-10,육지계통,파주문산복합1CC,태안#9,당진#1,당진#1,당진#1,여주복합CC,보령#5,인천복합2CC,분당복합2CC,분당복합2CC,분당복합1CC,인천복합2CC,명품오산열병합1CC,인천복합2CC,인천복합2CC,부천복합CC,분당복합2CC,분당복합2CC,오성복합CC,춘천열병합CC,포스코복합7CC,인천복합3CC,동탄열병합1CC,동탄열병합2CC
2024-12-11,육지계통,서울복합#2CC,태안#9,태안#9,태안#9,태안#9,여주복합CC,서울복합#1CC,동탄열병합2CC,분당복합2CC,분당복합1CC,일산복합2CC,분당복합2CC,명품오산열병합1CC,양주열병합CC,양주열병합CC,부천복합CC,분당복합2CC,파주열병합1CC,파주열병합1CC,춘천열병합CC,포스코복합7CC,서울복합#2CC,동탄열병합1CC,동탄열병합1CC
2024-12-12,육지계통,세종천연가스CC,여주복합CC,여주복합CC,여주복합CC,여주복합CC,여주복합CC,서울복합#2CC,동탄열병합2CC,부천복합CC,부천복합CC,부천복합CC,분당복합1CC,명품오산열병합1CC,명품오산열병합1CC,명품오산열병합1CC,명품오산열병합1CC,분당복합1CC,신인천복합CC#3,오성복합CC,양주열병합CC,포스코복합7CC,동탄열병합1CC,동탄열병합1CC,신평택복합CC
2024-12-13,육지계통,신세종열병합CC,서울복합#2CC,여주복합CC,여주복합CC,여주복합CC,서울복합#2CC,파주문산복합2CC,인천복합3CC,서인천복합1CC#4,분당복합1CC,서인천복합1CC#4,양주열병합CC,포스코복합7CC,춘천열병합CC,춘천열병합CC,오성복합CC,양주열병합CC,오성복합CC,오성복합CC,인천복합3CC,신평택복합CC,동탄열병합1CC,인천복합3CC,서울복합#2CC
2024-12-14,육지계통,파주문산복합1CC,여주복합CC,여주복합CC,여주복합CC,여주복합CC,여주복합CC,서울복합#2CC,파주문산복합2CC,파주문산복합2CC,파주문산복합2CC,파주문산복합1CC,파주문산복합1CC,파주문산복합2CC,파주문산복합1CC,파주문산복합1CC,파주문산복합1CC,파주문산복합2CC,파주문산복합2CC,파주문산복합2CC,파주문산복합1CC,파주문산복합1CC,파주문산복합1CC,파주문산복합2CC,파주문산복합2CC
2024-12-15,육지계통,여주복합CC,삼천포#5,삼천포#5,삼천포#5,삼천포#5,삼천포#5,여주복합CC,서울복합#2CC,서울복합#2CC,파주문산복합2CC,광교열병합CC,광교열병합CC,광교열병합CC,광교열병합CC,광교열병합CC,파주문산복합1CC,파주문산복합1CC,서울복합#2CC,서울복합#2CC,서울복합#2CC,파주문산복합1CC,서울복합#2CC,파주문산복합1CC,파주문산복합1CC
2024-12-16,육지계통,서울복합#2CC,서울복합#2CC,태안#10,당진#8,태안#10,서울복합#2CC,파주문산복합1CC,광교열병합CC,인천복합2CC,분당복합1CC,인천복합2CC,인천복합2CC,평택복합2CC,인천복합2CC,분당복합1CC,인천복합2CC,파주열병합1CC,신인천복합CC#3,포천천연복합1CC,안산복합 CC,춘천열병합CC,포스코복합7CC,인천복합3CC,신평택복합CC
2024-12-17,육지계통,여주복합CC,태안#9,태안#9,태안#9,태안#9,여주복합CC,여수#2,인천복합3CC,포천천연복합1CC,신인천복합CC#3,신인천복합CC#3,신인천복합CC#3,평택복합2CC,신인천복합CC#3,신인천복합CC#3,신인천복합CC#3,신인천복합CC#3,평택복합2CC,신인천복합CC#3,명품오산열병합1CC,인천복합3CC,동탄열병합1CC,파주문산복합2CC,파주문산복합2CC
2024-12-18,육지계통,여주복합CC,여주복합CC,여주복합CC,태안#9,태안#9,여주복합CC,서울복합#2CC,신평택복합CC,신인천복합CC#3,수원열병합#1,화성열병합 CC#1,신인천복합CC#3,포천천연복합1CC,포천천연복합1CC,포천천연복합1CC,포천천연복합1CC,포천천연복합1CC,인천복합3CC,인천복합3CC,춘천열병합CC,인천복합3CC,동탄열병합2CC,하남열병합1CC,서울복합#1CC
2024-12-19,육지계통,파주문산복합2CC,여주복합CC,여주복합CC,태안#9,여주복합CC,여주복합CC,서울복합#2CC,신평택복합CC,신인천복합CC#3,분당복합1CC,일산복합2CC,서인천복합1CC#7,포천천연복합1CC,포천천연복합1CC,신인천복합CC#3,신인천복합CC#3,신인천복합CC#3,신인천복합CC#3,포천천연복합1CC,인천복합3CC,포스코복합7CC,동탄열병합1CC,서울복합#1CC,서울복합#2CC
2024-12-20,육지계통,파주문산복합2CC,여주복합CC,여주복합CC,태안#9,여주복합CC,여주복합CC,파주문산복합1CC,신평택복합CC,화성열병합 CC#1,부천복합CC,신인천복합CC#1,신인천복합CC#1,포천천연복합1CC,포천천연복합1CC,신인천복합CC#1,분당복합1CC,포천천연복합1CC,포천천연복합1CC,명품오산열병합1CC,춘천열병합CC,광교열병합CC,신평택복합CC,파주문산복합1CC,안양열병합2-2CC
2024-12-21,육지계통,여주복합CC,여주복합CC,안양열병합2-1CC,태안#9,태안#9,태안#9,여주복합CC,파주문산복합1CC,파주문산복합1CC,서울복합#1CC,양주열병합CC,신인천복합CC#3,파주문산복합1CC,파주문산복합1CC,파주문산복합1CC,파주문산복합1CC,파주문산복합1CC,파주문산복합1CC,파주문산복합1CC,서울복합#2CC,서울복합#2CC,여주복합CC,여주복합CC,여주복합CC
2024-12-22,육지계통,여주복합CC,당진#1,당진#1,당진#1,당진#1,태안#2,여주복합CC,여주복합CC,여주복합CC,동탄열병합1CC,여주복합CC,파주문산복합1CC,파주문산복합1CC,파주문산복합1CC,여주복합CC,여주복합CC,파주문산복합1CC,파주문산복합1CC,파주문산복합1CC,파주문산복합1CC,파주문산복합1CC,세종천연가스CC,세종천연가스CC,보령#6
2024-12-23,육지계통,동탄열병합2CC,여주복합CC,안양열병합2-1CC,안양열병합2-1CC,안양열병합2-1CC,여주복합CC,여주복합CC,서울복합#1CC,포스코에너지복합4CC,분당복합1CC,인천복합1CC,분당복합2CC,동두천복합1CC,동두천복합1CC,신인천복합CC#3,신인천복합CC#3,동두천복합1CC,포스코복합8CC,포스코복합8CC,포스코복합8CC,포스코복합7CC,신평택복합CC,신평택복합CC,세종천연가스CC
2024-12-24,육지계통,파주문산복합1CC,여주복합CC,여주복합CC,여주복합CC,여주복합CC,파주문산복합1CC,파주문산복합2CC,인천복합3CC,동두천복합1CC,분당복합1CC,인천복합1CC,동두천복합1CC,포천천연복합1CC,신인천복합CC#3,파주열병합1CC,신인천복합CC#3,포스코복합8CC,포스코복합8CC,포스코복합8CC,인천복합3CC,동탄열병합2CC,파주문산복합2CC,파주문산복합2CC,파주문산복합2CC
2024-12-25,육지계통,파주문산복합1CC,여주복합CC,여주복합CC,여주복합CC,여주복합CC,여주복합CC,여주복합CC,신평택복합CC,신평택복합CC,동탄열병합2CC,분당복합2CC,양주열병합CC,신평택복합CC,신평택복합CC,신평택복합CC,신평택복합CC,신평택복합CC,신평택복합CC,안양열병합2-2CC,안양열병합2-2CC,파주문산복합2CC,파주문산복합1CC,파주문산복합1CC,파주문산복합1CC
2024-12-26,육지계통,여주복합CC,여주복합CC,태안#8,태안#8,태안#8,여주복합CC,여주복합CC,동탄열병합2CC,평택복합2CC,부천복합CC,분당복합1CC,분당복합1CC,평택복합2CC,춘천열병합CC,춘천열병합CC,양주열병합CC,포스코복합7CC,광교열병합CC,광교열병합CC,동탄열병합2CC,신평택복합CC,신보령화력#2,신보령화력#2,여주복합CC
2024-12-27,육지계통,신보령화력#2,태안#9,태안#9,태안#9,태안#9,태안#9,북평화력#1,신평택복합CC,양주열병합CC,분당복합2CC,명품오산열병합1CC,신인천복합CC#3,춘천열병합CC,양주열병합CC,춘천열병합CC,분당복합2CC,춘천열병합CC,평택복합2CC,평택복합2CC,동탄열병합1CC,서울복합#2CC,여주복합CC,여주복합CC,신보령화력#1
2024-12-28,육지계통,안양열병합2-1CC,안양열병합2-1CC,태안#9,태안#7,태안#7,태안#9,여주복합CC,여주복합CC,여주복합CC,여주복합CC,여주복합CC,여주복합CC,여주복합CC,여주복합CC,여주복합CC,여주복합CC,여주복합CC,여주복합CC,여주복합CC,여주복합CC,여주복합CC,여주복합CC,여주복합CC,여주복합CC
2024-12-29,육지계통,안양열병합2-1CC,삼천포#5,삼천포#5,삼천포#5,삼천포#5,삼천포#5,삼천포#5,삼천포#5,삼천포#5,영흥#5,영흥#5,보령#8,고성 2호기,보령#8,보령#8,태안#10,삼천포#5,여주복합CC,여주복합CC,여주복합CC,여주복합CC,여주복합CC,여주복합CC,여주복합CC
2024-12-30,육지계통,태안#10,영흥#5,영흥#5,영흥#5,영흥#5,영흥#5,태안#10,태안#3,양주열병합CC,분당복합1CC,인천복합1CC,포스코에너지복합4CC,명품오산열병합1CC,명품오산열병합1CC,명품오산열병합1CC,부천복합CC,포스코복합7CC,인천복합3CC,광교열병합CC,동탄열병합1CC,신평택복합CC,여주복합CC,태안#3,태안#3
2024-12-31,육지계통,당진#1,당진#1,보령#8,보령#8,보령#8,보령#8,당진#1,여주복합CC,양주열병합CC,부천복합CC,서인천복합1CC#6,서인천복합1CC#6,동탄열병합1CC,동탄열병합1CC,동탄열병합1CC,동탄열병합1CC,동탄열병합1CC,동탄열병합1CC,동탄열병합1CC,서울복합#2CC,여주복합CC,여주복합CC,여주복합CC,여주복합CC
