사업소명,연월일,배출량(억톤)
영흥발전본부,2018-01-01,3.1
영흥발전본부,2018-02-01,2.8
영흥발전본부,2018-03-01,2.84
영흥발전본부,2018-04-01,2.32
영흥발전본부,2018-05-01,2.67
영흥발전본부,2018-06-01,2.36
영흥발전본부,2018-07-01,4.43
영흥발전본부,2018-08-01,5.13
영흥발전본부,2018-09-01,4.95
영흥발전본부,2018-10-01,5.02
영흥발전본부,2018-11-01,4.06
영흥발전본부,2018-12-01,3.75
삼천포발전본부,2018-01-01,2.59
삼천포발전본부,2018-02-01,2.32
삼천포발전본부,2018-03-01,1.75
삼천포발전본부,2018-04-01,1.64
삼천포발전본부,2018-05-01,1.7
삼천포발전본부,2018-06-01,1.7
삼천포발전본부,2018-07-01,2.53
삼천포발전본부,2018-08-01,2.76
삼천포발전본부,2018-09-01,2.49
삼천포발전본부,2018-10-01,1.7
삼천포발전본부,2018-11-01,1.86
삼천포발전본부,2018-12-01,2.43
여수발전본부,2018-01-01,0.39
여수발전본부,2018-02-01,0.35
여수발전본부,2018-03-01,0.32
여수발전본부,2018-04-01,0.32
여수발전본부,2018-05-01,0.39
여수발전본부,2018-06-01,0.54
여수발전본부,2018-07-01,0.78
여수발전본부,2018-08-01,0.78
여수발전본부,2018-09-01,0.45
여수발전본부,2018-10-01,0.34
여수발전본부,2018-11-01,0.42
여수발전본부,2018-12-01,0.39
영동에코발전본부,2018-01-01,0.08
영동에코발전본부,2018-02-01,0.05
영동에코발전본부,2018-03-01,0.07
영동에코발전본부,2018-04-01,0.1
영동에코발전본부,2018-05-01,0.02
영동에코발전본부,2018-06-01,0.11
영동에코발전본부,2018-07-01,0.25
영동에코발전본부,2018-08-01,0.27
영동에코발전본부,2018-09-01,0.22
영동에코발전본부,2018-10-01,0.26
영동에코발전본부,2018-11-01,0.11
영동에코발전본부,2018-12-01,0.11
영흥발전본부,2019-01-01,3.45
영흥발전본부,2019-02-01,2.93
영흥발전본부,2019-03-01,3.01
영흥발전본부,2019-04-01,2.92
영흥발전본부,2019-05-01,2.47
영흥발전본부,2019-06-01,3.28
영흥발전본부,2019-07-01,4.94
영흥발전본부,2019-08-01,5.16
영흥발전본부,2019-09-01,4.94
영흥발전본부,2019-10-01,4.85
영흥발전본부,2019-11-01,4.24
영흥발전본부,2019-12-01,3.47
삼천포발전본부,2019-01-01,2.2
삼천포발전본부,2019-02-01,1.92
삼천포발전본부,2019-03-01,1.12
삼천포발전본부,2019-04-01,1.22
삼천포발전본부,2019-05-01,1.65
삼천포발전본부,2019-06-01,1.57
삼천포발전본부,2019-07-01,2.6
삼천포발전본부,2019-08-01,2.76
삼천포발전본부,2019-09-01,2.65
삼천포발전본부,2019-10-01,1.67
삼천포발전본부,2019-11-01,1.62
삼천포발전본부,2019-12-01,1.67
여수발전본부,2019-01-01,0.39
여수발전본부,2019-02-01,0.27
여수발전본부,2019-03-01,0.22
여수발전본부,2019-04-01,0.34
여수발전본부,2019-05-01,0.35
여수발전본부,2019-06-01,0.63
여수발전본부,2019-07-01,0.78
여수발전본부,2019-08-01,0.78
여수발전본부,2019-09-01,0.55
여수발전본부,2019-10-01,0.54
여수발전본부,2019-11-01,0.54
여수발전본부,2019-12-01,0.39
영동에코발전본부,2019-01-01,0.07
영동에코발전본부,2019-02-01,0.08
영동에코발전본부,2019-03-01,0.07
영동에코발전본부,2019-04-01,0.1
영동에코발전본부,2019-05-01,0.04
영동에코발전본부,2019-06-01,0.09
영동에코발전본부,2019-07-01,0.09
영동에코발전본부,2019-08-01,0.1
영동에코발전본부,2019-09-01,0.09
영동에코발전본부,2019-10-01,0.09
영동에코발전본부,2019-11-01,0.1
영동에코발전본부,2019-12-01,0.1
영흥발전본부,2020-01-01,3.54
영흥발전본부,2020-02-01,3.32
영흥발전본부,2020-03-01,2.54
영흥발전본부,2020-04-01,2.28
영흥발전본부,2020-05-01,2.59
영흥발전본부,2020-06-01,2.5
영흥발전본부,2020-07-01,4.42
영흥발전본부,2020-08-01,5.02
영흥발전본부,2020-09-01,5.04
영흥발전본부,2020-10-01,4.99
영흥발전본부,2020-11-01,4.56
영흥발전본부,2020-12-01,3.95
삼천포발전본부,2020-01-01,1.67
삼천포발전본부,2020-02-01,1.54
삼천포발전본부,2020-03-01,1.33
삼천포발전본부,2020-04-01,0.76
삼천포발전본부,2020-05-01,1.07
삼천포발전본부,2020-06-01,0.77
삼천포발전본부,2020-07-01,1.79
삼천포발전본부,2020-08-01,1.98
삼천포발전본부,2020-09-01,1.83
삼천포발전본부,2020-10-01,1.78
삼천포발전본부,2020-11-01,1.77
삼천포발전본부,2020-12-01,1.83
여수발전본부,2020-01-01,0.32
여수발전본부,2020-02-01,0.3
여수발전본부,2020-03-01,0.23
여수발전본부,2020-04-01,0.25
여수발전본부,2020-05-01,0.15
여수발전본부,2020-06-01,0.27
여수발전본부,2020-07-01,0.47
여수발전본부,2020-08-01,0.41
여수발전본부,2020-09-01,0.31
여수발전본부,2020-10-01,0.31
여수발전본부,2020-11-01,0.27
여수발전본부,2020-12-01,0.32
영동에코발전본부,2020-01-01,0.06
영동에코발전본부,2020-02-01,0.07
영동에코발전본부,2020-03-01,0.08
영동에코발전본부,2020-04-01,0.04
영동에코발전본부,2020-05-01,0
영동에코발전본부,2020-06-01,0.05
영동에코발전본부,2020-07-01,0.13
영동에코발전본부,2020-08-01,0.21
영동에코발전본부,2020-09-01,0.21
영동에코발전본부,2020-10-01,0.16
영동에코발전본부,2020-11-01,0.16
영동에코발전본부,2020-12-01,0.19
영흥발전본부,2021-01-01,3.06
영흥발전본부,2021-02-01,2.54
영흥발전본부,2021-03-01,2.62
영흥발전본부,2021-04-01,2.53
영흥발전본부,2021-05-01,3.29
영흥발전본부,2021-06-01,3.92
영흥발전본부,2021-07-01,4.85
영흥발전본부,2021-08-01,5.23
영흥발전본부,2021-09-01,4.65
영흥발전본부,2021-10-01,4.04
영흥발전본부,2021-11-01,3.47
영흥발전본부,2021-12-01,2.86
삼천포발전본부,2021-01-01,1.83
삼천포발전본부,2021-02-01,1.55
삼천포발전본부,2021-03-01,1.22
삼천포발전본부,2021-04-01,0.92
삼천포발전본부,2021-05-01,0.86
삼천포발전본부,2021-06-01,0.95
삼천포발전본부,2021-07-01,1.34
삼천포발전본부,2021-08-01,1.38
삼천포발전본부,2021-09-01,1.14
삼천포발전본부,2021-10-01,1.28
삼천포발전본부,2021-11-01,1.21
삼천포발전본부,2021-12-01,1.39
여수발전본부,2021-01-01,0.39
여수발전본부,2021-02-01,0.36
여수발전본부,2021-03-01,0.24
여수발전본부,2021-04-01,0.29
여수발전본부,2021-05-01,0.38
여수발전본부,2021-06-01,0.76
여수발전본부,2021-07-01,0.78
여수발전본부,2021-08-01,0.78
여수발전본부,2021-09-01,0.59
여수발전본부,2021-10-01,0.59
여수발전본부,2021-11-01,0.32
여수발전본부,2021-12-01,0.39
영동에코발전본부,2021-01-01,0.16
영동에코발전본부,2021-02-01,0.12
영동에코발전본부,2021-03-01,0.15
영동에코발전본부,2021-04-01,0.2
영동에코발전본부,2021-05-01,0.23
영동에코발전본부,2021-06-01,0.17
영동에코발전본부,2021-07-01,0.23
영동에코발전본부,2021-08-01,0.24
영동에코발전본부,2021-09-01,0.2
영동에코발전본부,2021-10-01,0.14
영동에코발전본부,2021-11-01,0.06
영동에코발전본부,2021-12-01,0.1
영흥발전본부,2022-01-01,2.83
영흥발전본부,2022-02-01,1.88
영흥발전본부,2022-03-01,1.65
영흥발전본부,2022-04-01,1.84
영흥발전본부,2022-05-01,2.19
영흥발전본부,2022-06-01,2.47
영흥발전본부,2022-07-01,3.25
영흥발전본부,2022-08-01,3.49
영흥발전본부,2022-09-01,3.1
영흥발전본부,2022-10-01,3.34
영흥발전본부,2022-11-01,2.6
영흥발전본부,2022-12-01,2.47
삼천포발전본부,2022-01-01,1.76
삼천포발전본부,2022-02-01,1.51
삼천포발전본부,2022-03-01,0.93
삼천포발전본부,2022-04-01,1.66
삼천포발전본부,2022-05-01,1.31
삼천포발전본부,2022-06-01,1.45
삼천포발전본부,2022-07-01,2.08
삼천포발전본부,2022-08-01,2.08
삼천포발전본부,2022-09-01,1.58
삼천포발전본부,2022-10-01,1.5
삼천포발전본부,2022-11-01,1.42
삼천포발전본부,2022-12-01,1.72
여수발전본부,2022-01-01,0.39
여수발전본부,2022-02-01,0.26
여수발전본부,2022-03-01,0.3
여수발전본부,2022-04-01,0.31
여수발전본부,2022-05-01,0.17
여수발전본부,2022-06-01,0.45
여수발전본부,2022-07-01,0.71
여수발전본부,2022-08-01,0.73
여수발전본부,2022-09-01,0.65
여수발전본부,2022-10-01,0.59
여수발전본부,2022-11-01,0.35
여수발전본부,2022-12-01,0.4
영동에코발전본부,2022-01-01,0.1
영동에코발전본부,2022-02-01,0.11
영동에코발전본부,2022-03-01,0.14
영동에코발전본부,2022-04-01,0.07
영동에코발전본부,2022-05-01,0.01
영동에코발전본부,2022-06-01,0.11
영동에코발전본부,2022-07-01,0.16
영동에코발전본부,2022-08-01,0.11
영동에코발전본부,2022-09-01,0.13
영동에코발전본부,2022-10-01,0.24
영동에코발전본부,2022-11-01,0.22
영동에코발전본부,2022-12-01,0.23
영흥발전본부,2023-01-01,1.99
영흥발전본부,2023-02-01,1.53
영흥발전본부,2023-03-01,1.59
영흥발전본부,2023-04-01,1.73
영흥발전본부,2023-05-01,1.79
영흥발전본부,2023-06-01,2.2
영흥발전본부,2023-07-01,2.77
영흥발전본부,2023-08-01,3.04
영흥발전본부,2023-09-01,1.61
영흥발전본부,2023-10-01,2.02
영흥발전본부,2023-11-01,2.38
영흥발전본부,2023-12-01,2.5
삼천포발전본부,2023-01-01,1.68
삼천포발전본부,2023-02-01,1.26
삼천포발전본부,2023-03-01,1.22
삼천포발전본부,2023-04-01,1.61
삼천포발전본부,2023-05-01,1.68
삼천포발전본부,2023-06-01,1.56
삼천포발전본부,2023-07-01,1.68
삼천포발전본부,2023-08-01,2.04
삼천포발전본부,2023-09-01,1.39
삼천포발전본부,2023-10-01,1.18
삼천포발전본부,2023-11-01,1.29
삼천포발전본부,2023-12-01,1.68
여수발전본부,2023-01-01,0.39
여수발전본부,2023-02-01,0.35
여수발전본부,2023-03-01,0.23
여수발전본부,2023-04-01,0.29
여수발전본부,2023-05-01,0.24
여수발전본부,2023-06-01,0.7
여수발전본부,2023-07-01,0.65
여수발전본부,2023-08-01,0.69
여수발전본부,2023-09-01,0.63
여수발전본부,2023-10-01,0.58
여수발전본부,2023-11-01,0.4
여수발전본부,2023-12-01,0.39
영동에코발전본부,2023-01-01,0.22
영동에코발전본부,2023-02-01,0.12
영동에코발전본부,2023-03-01,0.16
영동에코발전본부,2023-04-01,0.17
영동에코발전본부,2023-05-01,0.17
영동에코발전본부,2023-06-01,0.14
영동에코발전본부,2023-07-01,0.17
영동에코발전본부,2023-08-01,0.23
영동에코발전본부,2023-09-01,0.22
영동에코발전본부,2023-10-01,0.08
영동에코발전본부,2023-11-01,0.16
영동에코발전본부,2023-12-01,0.18
영흥발전본부,2024-01-01,2.1
영흥발전본부,2024-02-01,1.92
영흥발전본부,2024-03-01,1.77
영흥발전본부,2024-04-01,1.44
영흥발전본부,2024-05-01,2.02
영흥발전본부,2024-06-01,2.33
영흥발전본부,2024-07-01,2.91
영흥발전본부,2024-08-01,3.16
영흥발전본부,2024-09-01,2.75
영흥발전본부,2024-10-01,2.57
영흥발전본부,2024-11-01,2.14
영흥발전본부,2024-12-01,1.87
삼천포발전본부,2024-01-01,1.68
삼천포발전본부,2024-02-01,1.3
삼천포발전본부,2024-03-01,1.03
삼천포발전본부,2024-04-01,1.09
삼천포발전본부,2024-05-01,1.38
삼천포발전본부,2024-06-01,1.25
삼천포발전본부,2024-07-01,1.59
삼천포발전본부,2024-08-01,2.04
삼천포발전본부,2024-09-01,1.72
삼천포발전본부,2024-10-01,1.57
삼천포발전본부,2024-11-01,1.33
삼천포발전본부,2024-12-01,1.6
여수발전본부,2024-01-01,0.32
여수발전본부,2024-02-01,0.35
여수발전본부,2024-03-01,0.2
여수발전본부,2024-04-01,0.34
여수발전본부,2024-05-01,0.33
여수발전본부,2024-06-01,0.46
여수발전본부,2024-07-01,0.66
여수발전본부,2024-08-01,0.69
여수발전본부,2024-09-01,0.26
여수발전본부,2024-10-01,0.52
여수발전본부,2024-11-01,0.3
여수발전본부,2024-12-01,0.41
영동에코발전본부,2024-01-01,0.16
영동에코발전본부,2024-02-01,0.15
영동에코발전본부,2024-03-01,0.16
영동에코발전본부,2024-04-01,0.14
영동에코발전본부,2024-05-01,0.13
영동에코발전본부,2024-06-01,0.22
영동에코발전본부,2024-07-01,0.22
영동에코발전본부,2024-08-01,0.24
영동에코발전본부,2024-09-01,0.22
영동에코발전본부,2024-10-01,0.22
영동에코발전본부,2024-11-01,0.1
영동에코발전본부,2024-12-01,0.16
