발전구분, 호기, 일자, 1시 발전량(MWh), 2시 발전량(MWh),3시 발전량(MWh),4시 발전량(MWh),5시 발전량(MWh),6시 발전량(MWh),7시 발전량(MWh),8시 발전량(MWh),9시 발전량(MWh),10시 발전량(MWh),11시 발전량(MWh),12시 발전량(MWh),13시 발전량(MWh),14시 발전량(MWh),15시 발전량(MWh),16시 발전량(MWh),17시 발전량(MWh),18시 발전량(MWh),19시 발전량(MWh),20시 발전량(MWh),21시 발전량(MWh),22시 발전량(MWh),23시 발전량(MWh),24시 발전량(MWh),총량(KW),평균(KW),최대(시간별),최소(시간별),최대,최소
분당화력, CG1, 2025-05-31 00:00:00, 0, 0, 0, 0, 0, 0, 0, 0, 0, 12915, 45859, 47153, 57095, 61139, 63164, 63216, 63019, 63288, 63687, 63695, 63570, 63029, 22170, 0, 753000, 31375, 63695, 12915, 63695, 0, 
분당화력, CG2, 2025-05-31 00:00:00, 0, 0, 0, 0, 0, 0, 0, 0, 0, 0, 0, 0, 51437, 60456, 61860, 61902, 61714, 61962, 62327, 62364, 62256, 61466, 8254, 0, 616000, 25667, 62364, 8254, 62364, 0, 
분당화력, CG3, 2025-05-31 00:00:00, 0, 0, 0, 0, 0, 0, 0, 0, 0, 417, 43122, 44882, 55643, 60482, 63644, 63683, 63489, 63720, 64090, 64181, 64077, 63576, 18993, 0, 734000, 30583, 64181, 417, 64181, 0, 
분당화력, CG4, 2025-05-31 00:00:00, 0, 0, 0, 0, 0, 0, 0, 0, 0, 0, 0, 0, 6662, 58978, 62464, 62484, 62310, 62547, 62913, 62991, 62886, 60994, 4772, 0, 570000, 23750, 62991, 4772, 62991, 0, 
분당화력, CG5, 2025-05-31 00:00:00, 0, 0, 0, 0, 0, 0, 0, 0, 0, 0, 0, 0, 0, 33261, 62326, 62372, 62191, 62447, 62815, 62849, 62753, 58683, 1303, 0, 531000, 22125, 62849, 1303, 62849, 0, 
분당화력, CG6, 2025-05-31 00:00:00, 0, 0, 0, 0, 0, 0, 0, 0, 0, 0, 0, 0, 0, 0, 0, 0, 0, 0, 0, 0, 0, 0, 0, 0, 0, 0, 0, 0, 0, 0, 
분당화력, CG7, 2025-05-31 00:00:00, 77480, 77669, 77386, 77912, 77603, 77623, 78006, 77874, 78224, 77412, 76859, 76120, 76366, 75539, 75434, 75238, 75179, 75305, 75704, 75424, 74818, 74925, 52899, 0, 1737000, 72375, 78224, 52899, 78224, 0, 
분당화력, CG8, 2025-05-31 00:00:00, 77937, 78051, 77830, 78305, 78072, 78064, 78489, 78292, 78554, 77444, 77253, 76478, 76791, 75891, 75831, 75584, 75526, 75687, 76078, 75778, 75197, 75350, 62520, 0, 1755000, 73125, 78554, 62520, 78554, 0, 
분당화력, CS1, 2025-05-31 00:00:00, 0, 0, 0, 0, 0, 0, 0, 0, 0, 0, 0, 7833, 70301, 123384, 148368, 148525, 147881, 146884, 145909, 144802, 143563, 140896, 27653, 0, 1396000, 58167, 148525, 7833, 148525, 0, 
분당화력, CS2, 2025-05-31 00:00:00, 49190, 49156, 48468, 48394, 48015, 48045, 48537, 48933, 50184, 50102, 50473, 50286, 50104, 50098, 50405, 50632, 50025, 50171, 50200, 48997, 48068, 47905, 32612, 0, 1119000, 46625, 50632, 32612, 50632, 0, 
분당화력, CG1, 2025-05-30 00:00:00, 0, 0, 0, 0, 0, 0, 0, 0, 0, 0, 0, 0, 0, 0, 0, 0, 0, 0, 0, 0, 0, 0, 0, 0, 0, 0, 0, 0, 0, 0, 
분당화력, CG2, 2025-05-30 00:00:00, 0, 0, 0, 0, 0, 0, 0, 0, 0, 0, 0, 0, 0, 0, 0, 0, 0, 0, 0, 0, 0, 0, 0, 0, 0, 0, 0, 0, 0, 0, 
분당화력, CG3, 2025-05-30 00:00:00, 0, 0, 0, 0, 0, 0, 0, 0, 0, 0, 0, 0, 0, 0, 0, 0, 0, 0, 0, 0, 0, 0, 0, 0, 0, 0, 0, 0, 0, 0, 
분당화력, CG4, 2025-05-30 00:00:00, 0, 0, 0, 0, 0, 0, 0, 0, 0, 0, 0, 0, 0, 0, 0, 0, 0, 0, 0, 0, 0, 0, 0, 0, 0, 0, 0, 0, 0, 0, 
분당화력, CG5, 2025-05-30 00:00:00, 0, 0, 0, 0, 0, 0, 0, 0, 0, 0, 0, 0, 0, 0, 0, 0, 0, 0, 0, 0, 0, 0, 0, 0, 0, 0, 0, 0, 0, 0, 
분당화력, CG6, 2025-05-30 00:00:00, 0, 0, 0, 0, 0, 0, 0, 0, 0, 0, 0, 0, 0, 0, 186, 414, 0, 0, 0, 0, 0, 0, 0, 0, 600, 25, 414, 186, 414, 0, 
분당화력, CG7, 2025-05-30 00:00:00, 0, 0, 0, 0, 0, 0, 0, 0, 45969, 81096, 82191, 81517, 81539, 81552, 80847, 81153, 81295, 81586, 80977, 80666, 80275, 82155, 83182, 0, 1186000, 49417, 83182, 45969, 83182, 0, 
분당화력, CG8, 2025-05-30 00:00:00, 0, 0, 0, 0, 0, 0, 0, 0, 55472, 81730, 82676, 82047, 82088, 82013, 81256, 81645, 81453, 81553, 80704, 80630, 80308, 82217, 83209, 0, 1199000, 49958, 83209, 55472, 83209, 0, 
분당화력, CS1, 2025-05-30 00:00:00, 0, 0, 0, 0, 0, 0, 0, 0, 0, 0, 0, 0, 0, 0, 0, 0, 0, 0, 0, 0, 0, 0, 0, 0, 0, 0, 0, 0, 0, 0, 
분당화력, CS2, 2025-05-30 00:00:00, 0, 0, 0, 0, 0, 0, 0, 0, 5226, 51963, 53632, 53504, 54170, 54654, 54521, 54825, 54929, 54992, 54321, 53374, 52277, 53130, 53482, 0, 759000, 31625, 54992, 5226, 54992, 0, 
분당화력, CG1, 2025-05-29 00:00:00, 0, 0, 0, 0, 0, 0, 0, 0, 0, 0, 0, 0, 0, 0, 0, 0, 0, 0, 0, 0, 0, 0, 0, 0, 0, 0, 0, 0, 0, 0, 
분당화력, CG2, 2025-05-29 00:00:00, 0, 0, 0, 0, 0, 0, 0, 0, 0, 0, 0, 0, 0, 0, 0, 0, 0, 0, 0, 0, 0, 0, 0, 0, 0, 0, 0, 0, 0, 0, 
분당화력, CG3, 2025-05-29 00:00:00, 0, 0, 0, 0, 0, 0, 0, 0, 0, 0, 0, 0, 0, 0, 0, 0, 0, 0, 0, 0, 0, 0, 0, 0, 0, 0, 0, 0, 0, 0, 
분당화력, CG4, 2025-05-29 00:00:00, 0, 0, 0, 0, 0, 0, 0, 0, 0, 0, 0, 0, 0, 0, 0, 0, 0, 0, 0, 0, 0, 0, 0, 0, 0, 0, 0, 0, 0, 0, 
분당화력, CG5, 2025-05-29 00:00:00, 0, 0, 0, 0, 0, 0, 0, 0, 0, 0, 0, 0, 0, 0, 0, 0, 0, 0, 0, 0, 0, 0, 0, 0, 0, 0, 0, 0, 0, 0, 
분당화력, CG6, 2025-05-29 00:00:00, 0, 0, 0, 0, 0, 0, 0, 0, 0, 0, 0, 0, 0, 0, 0, 0, 0, 0, 0, 0, 0, 0, 0, 0, 0, 0, 0, 0, 0, 0, 
분당화력, CG7, 2025-05-29 00:00:00, 0, 0, 0, 0, 0, 0, 0, 0, 40884, 73260, 76983, 76870, 76852, 76528, 75977, 75960, 75566, 75382, 75649, 51088, 0, 0, 0, 0, 851000, 35458, 76983, 40884, 76983, 0, 
분당화력, CG8, 2025-05-29 00:00:00, 0, 0, 0, 0, 0, 0, 0, 0, 48528, 74237, 77229, 77075, 76626, 75789, 76211, 76152, 75456, 75626, 75877, 61194, 0, 0, 0, 0, 870000, 36250, 77229, 48528, 77229, 0, 
분당화력, CS1, 2025-05-29 00:00:00, 0, 0, 0, 0, 0, 0, 0, 0, 0, 0, 0, 0, 0, 0, 0, 0, 0, 0, 0, 0, 0, 0, 0, 0, 0, 0, 0, 0, 0, 0, 
분당화력, CS2, 2025-05-29 00:00:00, 0, 0, 0, 0, 0, 0, 0, 0, 1623, 46135, 49938, 50063, 50300, 50431, 50268, 50607, 50577, 50072, 49738, 32249, 0, 0, 0, 0, 532000, 22167, 50607, 1623, 50607, 0, 
분당화력, CG1, 2025-05-28 00:00:00, 0, 0, 0, 0, 0, 0, 0, 0, 0, 0, 0, 0, 0, 14676, 55886, 61900, 60940, 62548, 60939, 21111, 0, 0, 0, 0, 338000, 14083, 62548, 14676, 62548, 0, 
분당화력, CG2, 2025-05-28 00:00:00, 0, 0, 0, 0, 0, 0, 0, 0, 0, 0, 0, 0, 0, 0, 13717, 61835, 61339, 61664, 48445, 0, 0, 0, 0, 0, 247000, 10292, 61835, 13717, 61835, 0, 
분당화력, CG3, 2025-05-28 00:00:00, 0, 0, 0, 0, 0, 0, 0, 0, 0, 0, 0, 0, 0, 1530, 54291, 62079, 61426, 62774, 61428, 18472, 0, 0, 0, 0, 322000, 13417, 62774, 1530, 62774, 0, 
분당화력, CG4, 2025-05-28 00:00:00, 0, 0, 0, 0, 0, 0, 0, 0, 0, 0, 0, 0, 0, 0, 0, 28758, 60540, 61832, 44869, 0, 0, 0, 0, 0, 196000, 8167, 61832, 28758, 61832, 0, 
분당화력, CG5, 2025-05-28 00:00:00, 0, 0, 0, 0, 0, 0, 0, 0, 0, 0, 0, 0, 0, 0, 0, 0, 44099, 61703, 39198, 0, 0, 0, 0, 0, 145000, 6042, 61703, 39198, 61703, 0, 
분당화력, CG6, 2025-05-28 00:00:00, 0, 0, 0, 0, 0, 0, 0, 0, 0, 0, 0, 0, 0, 0, 0, 0, 0, 0, 0, 0, 0, 0, 0, 0, 0, 0, 0, 0, 0, 0, 
분당화력, CG7, 2025-05-28 00:00:00, 0, 0, 0, 0, 0, 0, 15052, 68784, 79220, 78608, 78352, 77163, 76339, 76563, 76472, 76437, 76319, 75862, 76020, 51810, 0, 0, 0, 0, 983000, 40958, 79220, 15052, 79220, 0, 
분당화력, CG8, 2025-05-28 00:00:00, 0, 0, 0, 0, 0, 0, 22219, 69436, 79016, 77527, 77348, 76750, 76339, 76300, 76048, 77426, 76920, 76788, 76979, 62904, 0, 0, 0, 0, 1002000, 41750, 79016, 22219, 79016, 0, 
분당화력, CS1, 2025-05-28 00:00:00, 0, 0, 0, 0, 0, 0, 0, 0, 0, 0, 0, 0, 0, 0, 28358, 96123, 130787, 145332, 123706, 13694, 0, 0, 0, 0, 538000, 22417, 145332, 13694, 145332, 0, 
분당화력, CS2, 2025-05-28 00:00:00, 0, 0, 0, 0, 0, 0, 0, 36217, 50640, 50636, 51134, 51137, 50949, 51031, 50792, 50298, 50776, 50695, 50025, 32669, 0, 0, 0, 0, 627000, 26125, 51137, 32669, 51137, 0, 
분당화력, CG1, 2025-05-27 00:00:00, 0, 0, 0, 0, 0, 0, 0, 0, 0, 0, 0, 0, 23153, 45525, 47446, 60631, 63029, 62746, 63292, 50179, 0, 0, 0, 0, 416000, 17333, 63292, 23153, 63292, 0, 
분당화력, CG2, 2025-05-27 00:00:00, 0, 0, 0, 0, 0, 0, 0, 0, 0, 0, 0, 0, 0, 0, 34932, 59108, 61241, 61246, 62008, 32464, 0, 0, 0, 0, 311000, 12958, 62008, 32464, 62008, 0, 
분당화력, CG3, 2025-05-27 00:00:00, 0, 0, 0, 0, 0, 0, 0, 0, 0, 0, 0, 0, 15946, 44952, 46830, 60411, 63446, 62968, 63624, 47822, 0, 0, 0, 0, 406000, 16917, 63624, 15946, 63624, 0, 
분당화력, CG4, 2025-05-27 00:00:00, 0, 0, 0, 0, 0, 0, 0, 0, 0, 0, 0, 0, 0, 0, 0, 46747, 61864, 61707, 62590, 27093, 0, 0, 0, 0, 260000, 10833, 62590, 27093, 62590, 0, 
분당화력, CG5, 2025-05-27 00:00:00, 0, 0, 0, 0, 0, 0, 0, 0, 0, 0, 0, 0, 0, 0, 0, 10261, 60327, 61394, 62352, 21666, 0, 0, 0, 0, 216000, 9000, 62352, 10261, 62352, 0, 
분당화력, CG6, 2025-05-27 00:00:00, 0, 0, 0, 0, 0, 0, 0, 0, 0, 0, 0, 0, 0, 0, 0, 0, 0, 0, 0, 0, 0, 0, 0, 0, 0, 0, 0, 0, 0, 0, 
분당화력, CG7, 2025-05-27 00:00:00, 0, 0, 0, 0, 0, 0, 12729, 58733, 77614, 76703, 76866, 76376, 76261, 76343, 74848, 74876, 74786, 74265, 75315, 77345, 78453, 78323, 79427, 46738, 1266000, 52750, 79427, 12729, 79427, 0, 
분당화력, CG8, 2025-05-27 00:00:00, 0, 0, 0, 0, 0, 0, 21618, 59483, 77996, 77058, 77197, 76728, 76620, 76619, 75063, 75221, 75042, 74276, 75775, 77775, 78523, 78230, 79565, 54210, 1287000, 53625, 79565, 21618, 79565, 0, 
분당화력, CS1, 2025-05-27 00:00:00, 0, 0, 0, 0, 0, 0, 0, 0, 0, 0, 0, 0, 0, 2, 45992, 103870, 145903, 146586, 146273, 86374, 0, 0, 0, 0, 675000, 28125, 146586, 2, 146586, 0, 
분당화력, CS2, 2025-05-27 00:00:00, 0, 0, 0, 0, 0, 0, 0, 21796, 49024, 48630, 49169, 49356, 49705, 50318, 49410, 49750, 49470, 48760, 49183, 50245, 50552, 49992, 50749, 25892, 792000, 33000, 50749, 21796, 50749, 0, 
분당화력, CG1, 2025-05-26 00:00:00, 0, 0, 0, 0, 0, 0, 0, 0, 0, 0, 0, 0, 0, 0, 0, 0, 0, 0, 0, 0, 0, 0, 0, 0, 0, 0, 0, 0, 0, 0, 
분당화력, CG2, 2025-05-26 00:00:00, 0, 0, 0, 0, 0, 0, 0, 0, 0, 0, 0, 0, 0, 0, 0, 0, 0, 0, 0, 0, 0, 0, 0, 0, 0, 0, 0, 0, 0, 0, 
분당화력, CG3, 2025-05-26 00:00:00, 0, 0, 0, 0, 0, 0, 0, 0, 0, 0, 0, 0, 0, 0, 0, 0, 0, 0, 0, 0, 0, 0, 0, 0, 0, 0, 0, 0, 0, 0, 
분당화력, CG4, 2025-05-26 00:00:00, 0, 0, 0, 0, 0, 0, 0, 0, 0, 0, 0, 0, 0, 0, 0, 0, 0, 0, 0, 0, 0, 0, 0, 0, 0, 0, 0, 0, 0, 0, 
분당화력, CG5, 2025-05-26 00:00:00, 0, 0, 0, 0, 0, 0, 0, 0, 0, 0, 0, 0, 0, 0, 0, 0, 0, 0, 0, 0, 0, 0, 0, 0, 0, 0, 0, 0, 0, 0, 
분당화력, CG6, 2025-05-26 00:00:00, 0, 0, 0, 0, 0, 0, 0, 0, 0, 0, 0, 0, 0, 0, 0, 0, 0, 0, 0, 0, 0, 0, 0, 0, 0, 0, 0, 0, 0, 0, 
분당화력, CG7, 2025-05-26 00:00:00, 0, 0, 0, 0, 0, 0, 13129, 62031, 80674, 81334, 80161, 79411, 77438, 74788, 74262, 74238, 74090, 73112, 72550, 72923, 74364, 77404, 54089, 0, 1196000, 49833, 81334, 13129, 81334, 0, 
분당화력, CG8, 2025-05-26 00:00:00, 0, 0, 0, 0, 0, 0, 21299, 63062, 80496, 80582, 79440, 79084, 77149, 73884, 73435, 73114, 74050, 74865, 74207, 74733, 76208, 77919, 64475, 0, 1218000, 50750, 80582, 21299, 80582, 0, 
분당화력, CS1, 2025-05-26 00:00:00, 0, 0, 0, 0, 0, 0, 0, 0, 0, 0, 0, 0, 0, 0, 0, 0, 0, 0, 0, 0, 0, 0, 0, 0, 0, 0, 0, 0, 0, 0, 
분당화력, CS2, 2025-05-26 00:00:00, 0, 0, 0, 0, 0, 0, 0, 26253, 50684, 52069, 51834, 52223, 51237, 49379, 49149, 49079, 49025, 48555, 48271, 47274, 47435, 49080, 33453, 0, 755000, 31458, 52223, 26253, 52223, 0, 
분당화력, CG1, 2025-05-25 00:00:00, 0, 0, 0, 0, 0, 0, 0, 0, 0, 0, 0, 0, 0, 0, 0, 0, 0, 0, 0, 0, 0, 0, 0, 0, 0, 0, 0, 0, 0, 0, 
분당화력, CG2, 2025-05-25 00:00:00, 0, 0, 0, 0, 0, 0, 0, 0, 0, 0, 0, 0, 0, 0, 0, 0, 0, 0, 0, 0, 0, 0, 0, 0, 0, 0, 0, 0, 0, 0, 
분당화력, CG3, 2025-05-25 00:00:00, 0, 0, 0, 0, 0, 0, 0, 0, 0, 0, 0, 0, 0, 0, 0, 0, 0, 0, 0, 0, 0, 0, 0, 0, 0, 0, 0, 0, 0, 0, 
분당화력, CG4, 2025-05-25 00:00:00, 0, 0, 0, 0, 0, 0, 0, 0, 0, 0, 0, 0, 0, 0, 0, 0, 0, 0, 0, 0, 0, 0, 0, 0, 0, 0, 0, 0, 0, 0, 
분당화력, CG5, 2025-05-25 00:00:00, 0, 0, 0, 0, 0, 0, 0, 0, 0, 0, 0, 0, 0, 0, 0, 0, 0, 0, 0, 0, 0, 0, 0, 0, 0, 0, 0, 0, 0, 0, 
분당화력, CG6, 2025-05-25 00:00:00, 0, 0, 0, 0, 0, 0, 0, 0, 0, 0, 0, 0, 0, 0, 0, 0, 0, 0, 0, 0, 0, 0, 0, 0, 0, 0, 0, 0, 0, 0, 
분당화력, CG7, 2025-05-25 00:00:00, 0, 0, 0, 0, 0, 0, 0, 0, 0, 0, 0, 0, 0, 0, 0, 0, 35684, 69888, 67722, 67907, 64153, 5646, 0, 0, 311000, 12958, 69888, 5646, 69888, 0, 
분당화력, CG8, 2025-05-25 00:00:00, 0, 0, 0, 0, 0, 0, 0, 0, 0, 0, 0, 0, 0, 0, 0, 0, 44446, 72448, 71612, 71788, 68904, 11802, 0, 0, 341000, 14208, 72448, 11802, 72448, 0, 
분당화력, CS1, 2025-05-25 00:00:00, 0, 0, 0, 0, 0, 0, 0, 0, 0, 0, 0, 0, 0, 0, 0, 0, 0, 0, 0, 0, 0, 0, 0, 0, 0, 0, 0, 0, 0, 0, 
분당화력, CS2, 2025-05-25 00:00:00, 0, 0, 0, 0, 0, 0, 0, 0, 0, 0, 0, 0, 0, 0, 0, 0, 12166, 70219, 69074, 68332, 62756, 3452, 0, 0, 286000, 11917, 70219, 3452, 70219, 0, 
분당화력, CG1, 2025-05-24 00:00:00, 0, 0, 0, 0, 0, 0, 0, 0, 0, 0, 0, 14356, 44548, 43512, 57187, 53227, 3170, 0, 0, 0, 0, 0, 0, 0, 216000, 9000, 57187, 3170, 57187, 0, 
분당화력, CG2, 2025-05-24 00:00:00, 0, 0, 0, 0, 0, 0, 0, 0, 0, 0, 0, 0, 0, 18137, 56918, 27945, 0, 0, 0, 0, 0, 0, 0, 0, 103000, 4292, 56918, 18137, 56918, 0, 
분당화력, CG3, 2025-05-24 00:00:00, 0, 0, 0, 0, 0, 0, 0, 0, 0, 0, 0, 8125, 44381, 42255, 56037, 46201, 0, 0, 0, 0, 0, 0, 0, 0, 197000, 8208, 56037, 8125, 56037, 0, 
분당화력, CG4, 2025-05-24 00:00:00, 0, 0, 0, 0, 0, 0, 0, 0, 0, 0, 0, 0, 0, 0, 37402, 36598, 0, 0, 0, 0, 0, 0, 0, 0, 74000, 3083, 37402, 36598, 37402, 0, 
분당화력, CG5, 2025-05-24 00:00:00, 0, 0, 0, 0, 0, 0, 0, 0, 0, 0, 0, 0, 0, 0, 2910, 50820, 1269, 0, 0, 0, 0, 0, 0, 0, 55000, 2292, 50820, 1269, 50820, 0, 
분당화력, CG6, 2025-05-24 00:00:00, 0, 0, 0, 0, 0, 0, 0, 0, 0, 0, 0, 0, 0, 0, 0, 0, 0, 0, 0, 0, 0, 0, 0, 0, 0, 0, 0, 0, 0, 0, 
분당화력, CG7, 2025-05-24 00:00:00, 77717, 78691, 78335, 78114, 78055, 78060, 78100, 78441, 78627, 78794, 79459, 78266, 77894, 78211, 78050, 78823, 78801, 78810, 79022, 79705, 79815, 81377, 81545, 54288, 1867000, 77792, 81545, 54288, 81545, 54288, 
분당화력, CG8, 2025-05-24 00:00:00, 78071, 79052, 78717, 78471, 78421, 78433, 78483, 78795, 79003, 79218, 79835, 78592, 78278, 78598, 78383, 79242, 79109, 79188, 79344, 80125, 80178, 80933, 80922, 65608, 1885000, 78542, 80933, 65608, 80933, 65608, 
분당화력, CS1, 2025-05-24 00:00:00, 0, 0, 0, 0, 0, 0, 0, 0, 0, 0, 0, 0, 0, 28518, 85574, 94164, 1744, 0, 0, 0, 0, 0, 0, 0, 210000, 8750, 94164, 1744, 94164, 0, 
분당화력, CS2, 2025-05-24 00:00:00, 47554, 47910, 47512, 47216, 47032, 46956, 46936, 47269, 47600, 47816, 48366, 47549, 47430, 48106, 48251, 49347, 49275, 49142, 49125, 49472, 48847, 49635, 49740, 31917, 1140000, 47500, 49740, 31917, 49740, 31917, 
분당화력, CG1, 2025-05-23 00:00:00, 0, 0, 0, 0, 0, 0, 0, 0, 0, 0, 0, 0, 0, 0, 0, 0, 0, 0, 0, 0, 0, 0, 0, 0, 0, 0, 0, 0, 0, 0, 
분당화력, CG2, 2025-05-23 00:00:00, 0, 0, 0, 0, 0, 0, 0, 0, 0, 0, 0, 0, 0, 0, 0, 0, 0, 0, 0, 0, 0, 0, 0, 0, 0, 0, 0, 0, 0, 0, 
분당화력, CG3, 2025-05-23 00:00:00, 0, 0, 0, 0, 0, 0, 0, 0, 0, 0, 0, 0, 0, 0, 0, 0, 0, 0, 0, 0, 0, 0, 0, 0, 0, 0, 0, 0, 0, 0, 
분당화력, CG4, 2025-05-23 00:00:00, 0, 0, 0, 0, 0, 0, 0, 0, 0, 0, 0, 0, 0, 0, 0, 0, 0, 0, 0, 0, 0, 0, 0, 0, 0, 0, 0, 0, 0, 0, 
분당화력, CG5, 2025-05-23 00:00:00, 0, 0, 0, 0, 0, 0, 0, 0, 0, 0, 0, 0, 0, 0, 0, 0, 0, 0, 0, 0, 0, 0, 0, 0, 0, 0, 0, 0, 0, 0, 
분당화력, CG6, 2025-05-23 00:00:00, 0, 0, 0, 0, 0, 0, 0, 0, 0, 0, 0, 0, 0, 0, 0, 0, 0, 0, 0, 0, 0, 0, 0, 0, 0, 0, 0, 0, 0, 0, 
분당화력, CG7, 2025-05-23 00:00:00, 0, 0, 0, 0, 0, 0, 15957, 63051, 79298, 79320, 79367, 78891, 78877, 78846, 77958, 78432, 78256, 78131, 77595, 77723, 77830, 78192, 78649, 78628, 1335000, 55625, 79367, 15957, 79367, 0, 
분당화력, CG8, 2025-05-23 00:00:00, 0, 0, 0, 0, 0, 0, 21697, 63895, 79486, 78985, 78520, 78098, 78604, 78077, 77593, 78111, 77929, 77760, 77251, 76987, 77021, 77338, 77838, 78810, 1334000, 55583, 79486, 21697, 79486, 0, 
분당화력, CS1, 2025-05-23 00:00:00, 0, 0, 0, 0, 0, 0, 0, 0, 0, 0, 0, 0, 0, 0, 0, 0, 0, 0, 0, 0, 0, 0, 0, 0, 0, 0, 0, 0, 0, 0, 
분당화력, CS2, 2025-05-23 00:00:00, 0, 0, 0, 0, 0, 0, 0, 30834, 49810, 50157, 50429, 50179, 50407, 50249, 49648, 50183, 50134, 49995, 49351, 48868, 48575, 48256, 47984, 47940, 823000, 34292, 50429, 30834, 50429, 0, 
분당화력, CG1, 2025-05-22 00:00:00, 0, 0, 0, 0, 0, 0, 0, 42063, 63352, 62478, 63517, 59917, 57252, 63125, 63241, 63060, 63074, 62822, 63275, 61306, 21517, 0, 0, 0, 810000, 33750, 63517, 21517, 63517, 0, 
분당화력, CG2, 2025-05-22 00:00:00, 0, 0, 0, 0, 0, 0, 0, 0, 47334, 60983, 62144, 59714, 57313, 61883, 61947, 61783, 61798, 61567, 61984, 60142, 6409, 0, 0, 0, 725000, 30208, 62144, 6409, 62144, 0, 
분당화력, CG3, 2025-05-22 00:00:00, 0, 0, 0, 0, 0, 0, 0, 35118, 62980, 62311, 63727, 59380, 57543, 63059, 63569, 63384, 63412, 63154, 63598, 61341, 15425, 0, 0, 0, 798000, 33250, 63727, 15425, 63727, 0, 
분당화력, CG4, 2025-05-22 00:00:00, 0, 0, 0, 0, 0, 0, 0, 0, 19523, 61121, 62482, 59645, 57294, 62018, 62312, 62120, 62174, 61947, 62332, 58656, 3376, 0, 0, 0, 695000, 28958, 62482, 3376, 62482, 0, 
분당화력, CG5, 2025-05-22 00:00:00, 0, 0, 0, 0, 0, 0, 0, 0, 0, 50378, 62437, 59607, 57522, 62087, 62229, 62045, 62086, 61856, 62264, 56931, 559, 0, 0, 0, 660000, 27500, 62437, 559, 62437, 0, 
분당화력, CG6, 2025-05-22 00:00:00, 0, 0, 0, 0, 0, 0, 0, 0, 0, 0, 0, 0, 0, 0, 0, 0, 0, 0, 0, 0, 0, 0, 0, 0, 0, 0, 0, 0, 0, 0, 
분당화력, CG7, 2025-05-22 00:00:00, 0, 0, 0, 0, 0, 0, 14994, 65026, 76894, 75899, 75850, 75625, 75512, 76261, 76002, 75944, 75263, 74604, 74520, 74228, 75412, 77591, 77760, 43618, 1261000, 52542, 77760, 14994, 77760, 0, 
분당화력, CG8, 2025-05-22 00:00:00, 0, 0, 0, 0, 0, 0, 22906, 65777, 77275, 76224, 75974, 75439, 75376, 76090, 75830, 75737, 75151, 74502, 75352, 75085, 76305, 77341, 77142, 56494, 1284000, 53500, 77341, 22906, 77341, 0, 
분당화력, CS1, 2025-05-22 00:00:00, 0, 0, 0, 0, 0, 0, 0, 4319, 78616, 130908, 143842, 136771, 132789, 141872, 145829, 146389, 147101, 147040, 147240, 141931, 24355, 0, 0, 0, 1669000, 69542, 147240, 4319, 147240, 0, 
분당화력, CS2, 2025-05-22 00:00:00, 0, 0, 0, 0, 0, 0, 0, 30738, 49527, 48731, 48871, 48703, 48857, 49919, 50285, 50562, 50351, 49951, 49749, 48986, 49467, 50582, 50244, 26476, 802000, 33417, 50582, 26476, 50582, 0, 
분당화력, CG1, 2025-05-21 00:00:00, 0, 0, 0, 0, 0, 0, 0, 20063, 58316, 60485, 59702, 63250, 63729, 62837, 62582, 62454, 62310, 62387, 62925, 63131, 62830, 22000, 0, 0, 849000, 35375, 63729, 20063, 63729, 0, 
분당화력, CG2, 2025-05-21 00:00:00, 0, 0, 0, 0, 0, 0, 0, 0, 0, 49688, 60461, 62317, 62457, 61637, 61377, 61253, 61116, 61184, 61686, 61894, 59950, 3978, 0, 0, 729000, 30375, 62457, 3978, 62457, 0, 
분당화력, CG3, 2025-05-21 00:00:00, 0, 0, 0, 0, 0, 0, 0, 12274, 57377, 59813, 59557, 63455, 64154, 63354, 63057, 62918, 62771, 62822, 63387, 63588, 62515, 18958, 0, 0, 840000, 35000, 64154, 12274, 64154, 0, 
분당화력, CG4, 2025-05-21 00:00:00, 0, 0, 0, 0, 0, 0, 0, 0, 0, 0, 51161, 62629, 62771, 62019, 61735, 61585, 61474, 61504, 62011, 62226, 57281, 603, 0, 0, 667000, 27792, 62771, 603, 62771, 0, 
분당화력, CG5, 2025-05-21 00:00:00, 0, 0, 0, 0, 0, 0, 0, 0, 0, 0, 14153, 62668, 62868, 62062, 61794, 61655, 61536, 61591, 62101, 62296, 51277, 0, 0, 0, 624000, 26000, 62868, 14153, 62868, 0, 
분당화력, CG6, 2025-05-21 00:00:00, 0, 0, 0, 0, 0, 0, 0, 0, 0, 0, 0, 0, 0, 0, 0, 0, 0, 0, 0, 0, 0, 0, 0, 0, 0, 0, 0, 0, 0, 0, 
분당화력, CG7, 2025-05-21 00:00:00, 0, 0, 0, 0, 0, 0, 14973, 66053, 76413, 76027, 76346, 74954, 75263, 74840, 74804, 74654, 73675, 73328, 74086, 74263, 74053, 51268, 0, 0, 1105000, 46042, 76413, 14973, 76413, 0, 
분당화력, CG8, 2025-05-21 00:00:00, 0, 0, 0, 0, 0, 0, 22891, 67111, 77045, 75952, 76317, 75347, 75662, 75187, 75156, 74963, 73987, 73663, 74460, 74637, 74428, 61193, 0, 0, 1128000, 47000, 77045, 22891, 77045, 0, 
분당화력, CS1, 2025-05-21 00:00:00, 0, 0, 0, 0, 0, 0, 0, 0, 30635, 75573, 110167, 148235, 150607, 148942, 148492, 148803, 149005, 148460, 148314, 147660, 141791, 21316, 0, 0, 1718000, 71583, 150607, 21316, 150607, 0, 
분당화력, CS2, 2025-05-21 00:00:00, 0, 0, 0, 0, 0, 0, 0, 33363, 51354, 50808, 51096, 50495, 50949, 50631, 50773, 50908, 50454, 50001, 50214, 49715, 49135, 33104, 0, 0, 723000, 30125, 51354, 33104, 51354, 0, 
분당화력, CG1, 2025-05-20 00:00:00, 0, 0, 0, 0, 0, 0, 0, 0, 0, 0, 0, 0, 0, 0, 40480, 60915, 61734, 62527, 62762, 63191, 63173, 60889, 37328, 0, 513000, 21375, 63191, 37328, 63191, 0, 
분당화력, CG2, 2025-05-20 00:00:00, 0, 0, 0, 0, 0, 0, 0, 0, 0, 0, 0, 0, 0, 0, 0, 36355, 61692, 61187, 61403, 61811, 61788, 59850, 16915, 0, 421000, 17542, 61811, 16915, 61811, 0, 
분당화력, CG3, 2025-05-20 00:00:00, 0, 0, 0, 0, 0, 0, 0, 0, 0, 0, 0, 0, 0, 0, 35114, 59934, 61910, 62708, 62934, 63386, 63354, 60934, 34726, 0, 505000, 21042, 63386, 34726, 63386, 0, 
분당화력, CG4, 2025-05-20 00:00:00, 0, 0, 0, 0, 0, 0, 0, 0, 0, 0, 0, 0, 0, 0, 0, 3041, 59490, 61593, 61807, 62222, 62199, 60010, 8637, 0, 379000, 15792, 62222, 3041, 62222, 0, 
분당화력, CG5, 2025-05-20 00:00:00, 0, 0, 0, 0, 0, 0, 0, 0, 0, 0, 0, 0, 0, 0, 0, 0, 28387, 61382, 61596, 62005, 61986, 57808, 836, 0, 334000, 13917, 62005, 836, 62005, 0, 
분당화력, CG6, 2025-05-20 00:00:00, 0, 0, 0, 0, 0, 0, 0, 0, 0, 0, 0, 0, 0, 0, 0, 0, 0, 0, 0, 0, 0, 0, 0, 0, 0, 0, 0, 0, 0, 0, 
분당화력, CG7, 2025-05-20 00:00:00, 68934, 68994, 68915, 68820, 68770, 68798, 68789, 68648, 71902, 71246, 70660, 70369, 70242, 69974, 69872, 69313, 69211, 69203, 69716, 69766, 69527, 69802, 69744, 36784, 1638000, 68250, 71902, 36784, 71902, 36784, 
분당화력, CG8, 2025-05-20 00:00:00, 73110, 73189, 73082, 73027, 72958, 72967, 72957, 72755, 72806, 71816, 71314, 70522, 70310, 70468, 70380, 69831, 69685, 69730, 70256, 70339, 70122, 70379, 70333, 45665, 1688000, 70333, 73189, 45665, 73189, 45665, 
분당화력, CS1, 2025-05-20 00:00:00, 0, 0, 0, 0, 0, 0, 0, 0, 0, 0, 0, 0, 0, 0, 1851, 63833, 124514, 147764, 147271, 146238, 145832, 141987, 44710, 0, 964000, 40167, 147764, 1851, 147764, 0, 
분당화력, CS2, 2025-05-20 00:00:00, 65520, 65578, 65444, 65485, 65436, 65494, 65585, 66119, 58890, 58844, 58847, 58859, 59702, 60336, 60691, 60366, 60254, 60382, 61157, 60495, 60255, 59796, 58733, 32733, 1455000, 60625, 66119, 32733, 66119, 32733, 
분당화력, CG1, 2025-05-19 00:00:00, 0, 0, 0, 0, 0, 0, 0, 0, 0, 0, 0, 0, 21938, 57749, 60678, 62071, 63731, 61194, 61460, 61679, 61368, 57626, 3507, 0, 573000, 23875, 63731, 3507, 63731, 0, 
분당화력, CG2, 2025-05-19 00:00:00, 0, 0, 0, 0, 0, 0, 0, 0, 0, 0, 0, 0, 0, 19059, 60844, 61595, 62460, 61817, 62528, 62629, 62448, 52620, 0, 0, 506000, 21083, 62629, 19059, 62629, 0, 
분당화력, CG3, 2025-05-19 00:00:00, 0, 0, 0, 0, 0, 0, 0, 0, 0, 0, 0, 0, 15567, 57036, 60524, 62110, 64002, 61696, 61994, 62019, 61952, 56626, 1475, 0, 565000, 23542, 64002, 1475, 64002, 0, 
분당화력, CG4, 2025-05-19 00:00:00, 0, 0, 0, 0, 0, 0, 0, 0, 0, 0, 0, 0, 0, 0, 30163, 61925, 62777, 61891, 62252, 62194, 62110, 40688, 0, 0, 444000, 18500, 62777, 30163, 62777, 0, 
분당화력, CG5, 2025-05-19 00:00:00, 0, 0, 0, 0, 0, 0, 0, 0, 0, 0, 0, 0, 0, 0, 0, 52854, 62668, 61380, 61974, 62030, 61966, 34127, 0, 0, 397000, 16542, 62668, 34127, 62668, 0, 
분당화력, CG6, 2025-05-19 00:00:00, 0, 0, 0, 0, 0, 0, 0, 0, 0, 0, 0, 0, 0, 0, 0, 0, 0, 0, 0, 0, 0, 0, 0, 0, 0, 0, 0, 0, 0, 0, 
분당화력, CG7, 2025-05-19 00:00:00, 0, 0, 0, 0, 0, 0, 0, 16645, 69532, 81041, 80784, 79633, 79602, 79543, 79017, 79274, 79270, 79168, 79536, 79457, 79390, 79000, 76610, 70498, 1268000, 52833, 81041, 16645, 81041, 0, 
분당화력, CG8, 2025-05-19 00:00:00, 0, 0, 0, 0, 0, 0, 0, 28707, 70131, 79884, 79645, 78559, 78992, 78830, 78364, 78634, 78600, 78523, 78914, 78781, 78679, 78263, 77231, 71263, 1272000, 53000, 79884, 28707, 79884, 0, 
분당화력, CS1, 2025-05-19 00:00:00, 0, 0, 0, 0, 0, 0, 0, 0, 0, 0, 0, 0, 0, 38398, 92931, 131045, 142871, 138351, 137845, 137749, 137627, 112007, 2177, 0, 1071000, 44625, 142871, 2177, 142871, 0, 
분당화력, CS2, 2025-05-19 00:00:00, 0, 0, 0, 0, 0, 0, 0, 0, 35779, 49655, 49773, 49807, 50186, 50347, 49844, 50111, 49944, 49381, 49589, 49364, 49374, 49249, 50279, 67318, 800000, 33333, 67318, 35779, 67318, 0, 
분당화력, CG1, 2025-05-18 00:00:00, 0, 0, 0, 0, 0, 0, 0, 0, 0, 0, 0, 0, 0, 0, 0, 14, 50618, 62926, 62083, 63481, 63928, 62913, 29038, 0, 395000, 16458, 63928, 14, 63928, 0, 
분당화력, CG2, 2025-05-18 00:00:00, 0, 0, 0, 0, 0, 0, 0, 0, 0, 0, 0, 0, 0, 0, 0, 0, 0, 51854, 63433, 62686, 63065, 61037, 8924, 0, 311000, 12958, 63433, 8924, 63433, 0, 
분당화력, CG3, 2025-05-18 00:00:00, 0, 0, 0, 0, 0, 0, 0, 0, 0, 0, 0, 0, 0, 0, 0, 0, 34255, 62569, 62100, 63823, 64553, 63767, 26933, 0, 378000, 15750, 64553, 26933, 64553, 0, 
분당화력, CG4, 2025-05-18 00:00:00, 0, 0, 0, 0, 0, 0, 0, 0, 0, 0, 0, 0, 0, 0, 0, 0, 0, 1325, 59313, 62992, 63617, 61598, 5156, 0, 254000, 10583, 63617, 1325, 63617, 0, 
분당화력, CG5, 2025-05-18 00:00:00, 0, 0, 0, 0, 0, 0, 0, 0, 0, 0, 0, 0, 0, 0, 0, 0, 0, 0, 22330, 62670, 63316, 59503, 1181, 0, 209000, 8708, 63316, 1181, 63316, 0, 
분당화력, CG6, 2025-05-18 00:00:00, 0, 0, 0, 0, 0, 0, 0, 0, 0, 0, 0, 0, 0, 0, 0, 0, 0, 0, 0, 0, 0, 0, 0, 0, 0, 0, 0, 0, 0, 0, 
분당화력, CG7, 2025-05-18 00:00:00, 0, 0, 0, 0, 0, 0, 0, 0, 0, 0, 0, 0, 0, 0, 0, 0, 0, 15139, 59260, 70149, 69267, 69418, 69817, 37950, 391000, 16292, 70149, 15139, 70149, 0, 
분당화력, CG8, 2025-05-18 00:00:00, 0, 0, 0, 0, 0, 0, 0, 0, 0, 0, 0, 0, 0, 0, 0, 0, 0, 21116, 59586, 73561, 73252, 73443, 73860, 48182, 423000, 17625, 73860, 21116, 73860, 0, 
분당화력, CS1, 2025-05-18 00:00:00, 0, 0, 0, 0, 0, 0, 0, 0, 0, 0, 0, 0, 0, 0, 0, 0, 8499, 73735, 114326, 140065, 140254, 136362, 29760, 0, 643000, 26792, 140254, 8499, 140254, 0, 
분당화력, CS2, 2025-05-18 00:00:00, 0, 0, 0, 0, 0, 0, 0, 0, 0, 0, 0, 0, 0, 0, 0, 0, 0, 0, 31865, 64996, 64046, 63304, 63160, 32628, 320000, 13333, 64996, 31865, 64996, 0, 
분당화력, CG1, 2025-05-17 00:00:00, 0, 0, 0, 0, 0, 0, 0, 0, 0, 0, 0, 0, 0, 0, 98, 49750, 63073, 62567, 63136, 63807, 57989, 12579, 0, 0, 373000, 15542, 63807, 98, 63807, 0, 
분당화력, CG2, 2025-05-17 00:00:00, 0, 0, 0, 0, 0, 0, 0, 0, 0, 0, 0, 0, 0, 0, 0, 0, 43439, 60936, 62165, 62852, 55989, 619, 0, 0, 286000, 11917, 62852, 619, 62852, 0, 
분당화력, CG3, 2025-05-17 00:00:00, 0, 0, 0, 0, 0, 0, 0, 0, 0, 0, 0, 0, 0, 0, 0, 42487, 62701, 62758, 63540, 64252, 57727, 5534, 0, 0, 359000, 14958, 64252, 5534, 64252, 0, 
분당화력, CG4, 2025-05-17 00:00:00, 0, 0, 0, 0, 0, 0, 0, 0, 0, 0, 0, 0, 0, 0, 0, 0, 9735, 60160, 62485, 63186, 52433, 0, 0, 0, 248000, 10333, 63186, 9735, 63186, 0, 
분당화력, CG5, 2025-05-17 00:00:00, 0, 0, 0, 0, 0, 0, 0, 0, 0, 0, 0, 0, 0, 0, 0, 0, 0, 30474, 62475, 63185, 44866, 0, 0, 0, 201000, 8375, 63185, 30474, 63185, 0, 
분당화력, CG6, 2025-05-17 00:00:00, 0, 0, 0, 0, 0, 0, 0, 0, 0, 0, 0, 0, 0, 0, 0, 0, 0, 0, 0, 0, 0, 0, 0, 0, 0, 0, 0, 0, 0, 0, 
분당화력, CG7, 2025-05-17 00:00:00, 78800, 78931, 78870, 78706, 78720, 78753, 79210, 79270, 78907, 78135, 77248, 76862, 76832, 77041, 76768, 76363, 76656, 77148, 77387, 79108, 79555, 79912, 43818, 0, 1763000, 73458, 79912, 43818, 79912, 0, 
분당화력, CG8, 2025-05-17 00:00:00, 78419, 78548, 78515, 78325, 78330, 78404, 78804, 78925, 78418, 77212, 76781, 76396, 76348, 76566, 76626, 76212, 75822, 75972, 76511, 78603, 79719, 80046, 55498, 0, 1765000, 73542, 80046, 55498, 80046, 0, 
분당화력, CS1, 2025-05-17 00:00:00, 0, 0, 0, 0, 0, 0, 0, 0, 0, 0, 0, 0, 0, 0, 0, 2571, 72156, 121936, 140793, 140938, 122732, 6874, 0, 0, 608000, 25333, 140938, 2571, 140938, 0, 
분당화력, CS2, 2025-05-17 00:00:00, 50434, 50642, 50524, 49950, 49776, 49860, 50054, 50734, 51015, 50873, 50863, 50924, 51319, 51836, 51754, 50819, 49992, 49715, 49080, 50244, 50413, 50547, 24632, 0, 1136000, 47333, 51836, 24632, 51836, 0, 
분당화력, CG1, 2025-05-16 00:00:00, 0, 0, 0, 0, 0, 0, 0, 0, 0, 0, 0, 0, 0, 12936, 53083, 61759, 62029, 56638, 12556, 0, 0, 0, 0, 0, 259000, 10792, 62029, 12556, 62029, 0, 
분당화력, CG2, 2025-05-16 00:00:00, 0, 0, 0, 0, 0, 0, 0, 0, 0, 0, 0, 0, 0, 0, 0, 50836, 60112, 52048, 3, 0, 0, 0, 0, 0, 163000, 6792, 60112, 3, 60112, 0, 
분당화력, CG3, 2025-05-16 00:00:00, 0, 0, 0, 0, 0, 0, 0, 0, 0, 0, 0, 0, 0, 1332, 52067, 59943, 60531, 56793, 6333, 0, 0, 0, 0, 0, 237000, 9875, 60531, 1332, 60531, 0, 
분당화력, CG4, 2025-05-16 00:00:00, 0, 0, 0, 0, 0, 0, 0, 0, 0, 0, 0, 0, 0, 0, 0, 891, 56638, 35471, 0, 0, 0, 0, 0, 0, 93000, 3875, 56638, 891, 56638, 0, 
분당화력, CG5, 2025-05-16 00:00:00, 0, 0, 0, 0, 0, 0, 0, 0, 0, 0, 0, 0, 0, 0, 0, 0, 9475, 41525, 0, 0, 0, 0, 0, 0, 51000, 2125, 41525, 9475, 41525, 0, 
분당화력, CG6, 2025-05-16 00:00:00, 0, 0, 0, 0, 0, 0, 0, 0, 0, 0, 0, 0, 0, 0, 0, 0, 0, 0, 0, 0, 0, 0, 0, 0, 0, 0, 0, 0, 0, 0, 
분당화력, CG7, 2025-05-16 00:00:00, 0, 0, 0, 0, 0, 0, 0, 0, 38522, 75611, 79001, 78217, 78287, 78470, 78025, 77701, 77646, 78077, 78842, 79129, 79166, 79090, 78870, 79345, 1214000, 50583, 79345, 38522, 79345, 0, 
분당화력, CG8, 2025-05-16 00:00:00, 0, 0, 0, 0, 0, 0, 0, 0, 44961, 76811, 79383, 78218, 78317, 78452, 78076, 78212, 78133, 78610, 79426, 79682, 79722, 79658, 78943, 79395, 1226000, 51083, 79722, 44961, 79722, 0, 
분당화력, CS1, 2025-05-16 00:00:00, 0, 0, 0, 0, 0, 0, 0, 0, 0, 0, 0, 0, 0, 0, 13039, 73838, 108220, 114044, 6858, 0, 0, 0, 0, 0, 316000, 13167, 114044, 6858, 114044, 0, 
분당화력, CS2, 2025-05-16 00:00:00, 0, 0, 0, 0, 0, 0, 0, 0, 2620, 48049, 51272, 50678, 50886, 51357, 51117, 50192, 49873, 49992, 49824, 50254, 50522, 50778, 50202, 50383, 758000, 31583, 51357, 2620, 51357, 0, 
분당화력, CG1, 2025-05-15 00:00:00, 0, 0, 0, 0, 0, 0, 184, 51292, 61345, 61429, 62616, 65475, 65092, 44567, 0, 0, 0, 0, 0, 0, 0, 0, 0, 0, 412000, 17167, 65475, 184, 65475, 0, 
분당화력, CG2, 2025-05-15 00:00:00, 0, 0, 0, 0, 0, 0, 0, 1584, 59698, 61550, 53168, 0, 0, 0, 0, 0, 0, 0, 0, 0, 0, 0, 0, 0, 176000, 7333, 61550, 1584, 61550, 0, 
분당화력, CG3, 2025-05-15 00:00:00, 0, 0, 0, 0, 0, 0, 0, 44113, 61776, 61905, 62545, 65502, 65278, 56872, 10, 0, 0, 0, 0, 0, 0, 0, 0, 0, 418000, 17417, 65502, 10, 65502, 0, 
분당화력, CG4, 2025-05-15 00:00:00, 0, 0, 0, 0, 0, 0, 0, 0, 32955, 61861, 45184, 0, 0, 0, 0, 0, 0, 0, 0, 0, 0, 0, 0, 0, 140000, 5833, 61861, 32955, 61861, 0, 
분당화력, CG5, 2025-05-15 00:00:00, 0, 0, 0, 0, 0, 0, 0, 0, 1321, 58613, 38066, 0, 0, 0, 0, 0, 0, 0, 0, 0, 0, 0, 0, 0, 98000, 4083, 58613, 1321, 58613, 0, 
분당화력, CG6, 2025-05-15 00:00:00, 0, 0, 0, 0, 0, 0, 0, 0, 0, 0, 0, 0, 0, 0, 0, 0, 0, 0, 0, 0, 0, 0, 0, 0, 0, 0, 0, 0, 0, 0, 
분당화력, CG7, 2025-05-15 00:00:00, 52901, 0, 0, 0, 0, 0, 0, 0, 47095, 76186, 77984, 78083, 78549, 79167, 78932, 78755, 77410, 77336, 76686, 76582, 76476, 76564, 76671, 51622, 1237000, 51542, 79167, 47095, 79167, 0, 
분당화력, CG8, 2025-05-15 00:00:00, 63887, 0, 0, 0, 0, 0, 0, 0, 55767, 77048, 78421, 78089, 78089, 78651, 78382, 78244, 77807, 77840, 77178, 77092, 76976, 77088, 77174, 62269, 1270000, 52917, 78651, 55767, 78651, 0, 
분당화력, CS1, 2025-05-15 00:00:00, 0, 0, 0, 0, 0, 0, 0, 12708, 91798, 133302, 121275, 51790, 53596, 41530, 0, 0, 0, 0, 0, 0, 0, 0, 0, 0, 506000, 21083, 133302, 12708, 133302, 0, 
분당화력, CS2, 2025-05-15 00:00:00, 34082, 0, 0, 0, 0, 0, 0, 0, 11819, 49963, 50530, 50269, 50740, 51650, 51815, 51968, 51066, 50965, 50089, 49553, 49141, 49127, 49170, 32052, 784000, 32667, 51968, 11819, 51968, 0, 
분당화력, CG1, 2025-05-14 00:00:00, 0, 0, 0, 0, 0, 0, 0, 0, 0, 0, 47655, 62831, 68569, 63943, 65430, 65472, 62287, 62355, 62448, 62727, 63538, 20744, 0, 0, 708000, 29500, 68569, 20744, 68569, 0, 
분당화력, CG2, 2025-05-14 00:00:00, 0, 0, 0, 0, 0, 0, 0, 0, 0, 0, 41021, 62997, 67078, 62992, 63051, 64876, 62076, 61919, 62002, 62293, 61395, 12299, 0, 0, 684000, 28500, 67078, 12299, 67078, 0, 
분당화력, CG3, 2025-05-14 00:00:00, 0, 0, 0, 0, 0, 0, 0, 0, 0, 0, 0, 0, 0, 0, 21134, 61807, 63279, 63518, 63608, 63956, 63478, 17220, 0, 0, 418000, 17417, 63956, 17220, 63956, 0, 
분당화력, CG4, 2025-05-14 00:00:00, 0, 0, 0, 0, 0, 0, 0, 0, 0, 0, 0, 0, 0, 0, 0, 49689, 62184, 62298, 62366, 62684, 59414, 3365, 0, 0, 362000, 15083, 62684, 3365, 62684, 0, 
분당화력, CG5, 2025-05-14 00:00:00, 0, 0, 0, 0, 0, 0, 0, 0, 0, 0, 0, 0, 0, 0, 0, 14853, 61943, 62050, 62126, 62426, 56126, 476, 0, 0, 320000, 13333, 62426, 476, 62426, 0, 
분당화력, CG6, 2025-05-14 00:00:00, 0, 0, 0, 0, 0, 0, 0, 0, 0, 0, 0, 0, 0, 0, 0, 0, 0, 0, 0, 0, 0, 0, 0, 0, 0, 0, 0, 0, 0, 0, 
분당화력, CG7, 2025-05-14 00:00:00, 80411, 80587, 80908, 80761, 80709, 81113, 81608, 81085, 80038, 78574, 77276, 76348, 76441, 75427, 74960, 75007, 74986, 74949, 75333, 76609, 76734, 76931, 77030, 77174, 1871000, 77958, 81608, 74949, 81608, 74949, 
분당화력, CG8, 2025-05-14 00:00:00, 80457, 80317, 80686, 80496, 80481, 81157, 81908, 81068, 79695, 78315, 77404, 76467, 76597, 75574, 75497, 75612, 75618, 75586, 75806, 76779, 76896, 77128, 77151, 77303, 1874000, 78083, 81908, 75497, 81908, 75497, 
분당화력, CS1, 2025-05-14 00:00:00, 0, 0, 0, 0, 0, 0, 0, 0, 0, 0, 10140, 52392, 60933, 58533, 67251, 114385, 147023, 145893, 144789, 144094, 140686, 27881, 0, 0, 1114000, 46417, 147023, 10140, 147023, 0, 
분당화력, CS2, 2025-05-14 00:00:00, 50977, 50664, 50753, 50542, 50232, 50332, 50862, 51056, 51322, 51335, 51237, 51037, 51430, 51069, 51081, 50878, 50416, 50202, 49939, 50424, 50213, 50275, 50271, 50452, 1217000, 50708, 51430, 49939, 51430, 49939, 
분당화력, CG1, 2025-05-13 00:00:00, 0, 0, 0, 0, 0, 0, 0, 0, 0, 0, 0, 0, 22727, 62377, 66747, 66515, 62701, 62843, 63125, 63172, 62537, 41256, 0, 0, 574000, 23917, 66747, 22727, 66747, 0, 
분당화력, CG2, 2025-05-13 00:00:00, 0, 0, 0, 0, 0, 0, 0, 0, 0, 0, 0, 0, 0, 19982, 65206, 65195, 61701, 61707, 61976, 62062, 59378, 8793, 0, 0, 466000, 19417, 65206, 8793, 65206, 0, 
분당화력, CG3, 2025-05-13 00:00:00, 0, 0, 0, 0, 0, 0, 0, 0, 0, 0, 0, 0, 8888, 60987, 66041, 65764, 63191, 63195, 63499, 63603, 62865, 38965, 0, 0, 557000, 23208, 66041, 8888, 66041, 0, 
분당화력, CG4, 2025-05-13 00:00:00, 0, 0, 0, 0, 0, 0, 0, 0, 0, 0, 0, 0, 0, 0, 29065, 65701, 62156, 62130, 62412, 62506, 59879, 5151, 0, 0, 409000, 17042, 65701, 5151, 65701, 0, 
분당화력, CG5, 2025-05-13 00:00:00, 0, 0, 0, 0, 0, 0, 0, 0, 0, 0, 0, 0, 0, 0, 0, 25776, 62109, 62173, 62448, 62529, 58626, 1338, 0, 0, 335000, 13958, 62529, 1338, 62529, 0, 
분당화력, CG6, 2025-05-13 00:00:00, 0, 0, 0, 0, 0, 0, 0, 0, 0, 0, 0, 0, 0, 0, 0, 0, 0, 0, 0, 0, 0, 0, 0, 0, 0, 0, 0, 0, 0, 0, 
분당화력, CG7, 2025-05-13 00:00:00, 80137, 80245, 80276, 80212, 80213, 80743, 81196, 80346, 79387, 78630, 77187, 76451, 76208, 75852, 76289, 75822, 76269, 76085, 76567, 76247, 76526, 78585, 80197, 80329, 1880000, 78333, 81196, 75822, 81196, 75822, 
분당화력, CG8, 2025-05-13 00:00:00, 80409, 80580, 80555, 80515, 80515, 81119, 81498, 80313, 79499, 78428, 76637, 76234, 76096, 76007, 76470, 76147, 76432, 76246, 76739, 77023, 77781, 79054, 80098, 80605, 1885000, 78542, 81498, 76007, 81498, 76007, 
분당화력, CS1, 2025-05-13 00:00:00, 0, 0, 0, 0, 0, 0, 0, 0, 0, 0, 0, 0, 0, 44405, 103364, 131786, 147711, 146648, 145606, 143955, 139367, 41158, 0, 0, 1044000, 43500, 147711, 41158, 147711, 0, 
분당화력, CS2, 2025-05-13 00:00:00, 50403, 50138, 49936, 49710, 49388, 49699, 50198, 50127, 50407, 50801, 50692, 50951, 51136, 50810, 50925, 50729, 51062, 50882, 50959, 50269, 49791, 50578, 51220, 51191, 1212000, 50500, 51220, 49388, 51220, 49388, 
분당화력, CG1, 2025-05-12 00:00:00, 0, 0, 0, 0, 0, 0, 0, 0, 0, 0, 0, 0, 0, 5965, 54066, 62754, 62468, 63481, 63577, 63968, 60213, 12508, 0, 0, 449000, 18708, 63968, 5965, 63968, 0, 
분당화력, CG2, 2025-05-12 00:00:00, 0, 0, 0, 0, 0, 0, 0, 0, 0, 0, 0, 0, 0, 0, 524, 56935, 61099, 62418, 62484, 62858, 43681, 0, 0, 0, 350000, 14583, 62858, 524, 62858, 0, 
분당화력, CG3, 2025-05-12 00:00:00, 0, 0, 0, 0, 0, 0, 0, 0, 0, 0, 0, 0, 0, 933, 52220, 63492, 62133, 63599, 63663, 64095, 61326, 5540, 0, 0, 437000, 18208, 64095, 933, 64095, 0, 
분당화력, CG4, 2025-05-12 00:00:00, 0, 0, 0, 0, 0, 0, 0, 0, 0, 0, 0, 0, 0, 0, 0, 18000, 61350, 62798, 62873, 63270, 35709, 0, 0, 0, 304000, 12667, 63270, 18000, 63270, 0, 
분당화력, CG5, 2025-05-12 00:00:00, 0, 0, 0, 0, 0, 0, 0, 0, 0, 0, 0, 0, 0, 0, 0, 0, 42258, 62504, 62574, 62951, 25713, 0, 0, 0, 256000, 10667, 62951, 25713, 62951, 0, 
분당화력, CG6, 2025-05-12 00:00:00, 0, 0, 0, 0, 0, 0, 0, 0, 0, 0, 0, 0, 0, 0, 0, 0, 0, 0, 0, 0, 0, 0, 0, 0, 0, 0, 0, 0, 0, 0, 
분당화력, CG7, 2025-05-12 00:00:00, 80720, 80690, 80368, 80779, 80640, 81701, 81238, 80186, 79452, 79756, 79417, 78882, 78501, 77855, 77408, 77564, 77267, 77689, 77403, 77588, 78115, 78558, 79194, 80029, 1901000, 79208, 81701, 77267, 81701, 77267, 
분당화력, CG8, 2025-05-12 00:00:00, 79988, 79905, 79622, 80065, 79849, 80501, 80118, 79419, 79133, 79500, 79129, 78320, 78167, 77538, 77042, 77250, 76918, 77364, 77063, 77265, 77883, 78301, 79351, 80309, 1890000, 78750, 80501, 76918, 80501, 76918, 
분당화력, CS1, 2025-05-12 00:00:00, 0, 0, 0, 0, 0, 0, 0, 0, 0, 0, 0, 0, 0, 0, 11799, 85199, 129971, 145920, 144511, 143094, 105063, 5442, 0, 0, 771000, 32125, 145920, 5442, 145920, 0, 
분당화력, CS2, 2025-05-12 00:00:00, 49275, 49473, 49107, 49220, 48693, 49236, 48987, 48668, 49227, 50533, 50952, 51133, 51281, 51283, 51189, 51311, 51173, 51298, 50718, 50014, 49737, 49841, 50138, 50515, 1203000, 50125, 51311, 48668, 51311, 48668, 
분당화력, CG1, 2025-05-11 00:00:00, 0, 0, 0, 0, 0, 0, 0, 0, 0, 0, 0, 0, 0, 0, 0, 19417, 51144, 38219, 54434, 63323, 67492, 67126, 64969, 52875, 479000, 19958, 67492, 19417, 67492, 0, 
분당화력, CG2, 2025-05-11 00:00:00, 0, 0, 0, 0, 0, 0, 0, 0, 0, 0, 0, 0, 0, 0, 0, 0, 0, 0, 50761, 62640, 65838, 65679, 63504, 35579, 344000, 14333, 65838, 35579, 65838, 0, 
분당화력, CG3, 2025-05-11 00:00:00, 0, 0, 0, 0, 0, 0, 0, 0, 0, 0, 0, 0, 0, 0, 0, 7240, 50581, 38427, 52615, 62595, 67244, 67472, 64986, 49840, 461000, 19208, 67472, 7240, 67472, 0, 
분당화력, CG4, 2025-05-11 00:00:00, 0, 0, 0, 0, 0, 0, 0, 0, 0, 0, 0, 0, 0, 0, 0, 0, 0, 0, 2226, 58747, 66090, 66108, 63869, 31960, 289000, 12042, 66108, 2226, 66108, 0, 
분당화력, CG5, 2025-05-11 00:00:00, 0, 0, 0, 0, 0, 0, 0, 0, 0, 0, 0, 0, 0, 0, 0, 0, 0, 0, 0, 40569, 66300, 66059, 63909, 27163, 264000, 11000, 66300, 27163, 66300, 0, 
분당화력, CG6, 2025-05-11 00:00:00, 0, 0, 0, 0, 0, 0, 0, 0, 0, 0, 0, 0, 0, 0, 0, 0, 0, 0, 0, 0, 0, 0, 0, 0, 0, 0, 0, 0, 0, 0, 
분당화력, CG7, 2025-05-11 00:00:00, 82000, 81970, 81906, 82123, 82329, 82213, 82131, 82034, 81281, 80853, 80926, 80207, 80155, 78928, 78270, 77897, 78177, 79016, 78529, 78770, 78655, 79225, 80020, 80385, 1928000, 80333, 82329, 77897, 82329, 77897, 
분당화력, CG8, 2025-05-11 00:00:00, 81271, 81245, 81186, 81415, 81590, 81524, 81410, 81339, 80468, 80113, 80137, 79441, 79390, 78121, 77414, 77030, 74971, 75103, 75436, 75932, 77306, 78203, 79264, 79690, 1899000, 79125, 81590, 74971, 81590, 74971, 
분당화력, CS1, 2025-05-11 00:00:00, 0, 0, 0, 0, 0, 0, 0, 0, 0, 0, 0, 0, 0, 0, 0, 0, 0, 9677, 60866, 117711, 144099, 146975, 137939, 87733, 705000, 29375, 146975, 9677, 146975, 0, 
분당화력, CS2, 2025-05-11 00:00:00, 50402, 50346, 50292, 50405, 50537, 50397, 50346, 50389, 50091, 50259, 50631, 50337, 50765, 50402, 50145, 49999, 49453, 49538, 49096, 48460, 48580, 48260, 48857, 49012, 1197000, 49875, 50765, 48260, 50765, 48260, 
분당화력, CG1, 2025-05-10 00:00:00, 0, 0, 0, 0, 0, 0, 0, 0, 0, 0, 0, 0, 0, 0, 0, 0, 0, 0, 0, 0, 0, 0, 0, 0, 0, 0, 0, 0, 0, 0, 
분당화력, CG2, 2025-05-10 00:00:00, 0, 0, 0, 0, 0, 0, 0, 0, 0, 0, 0, 0, 0, 0, 0, 0, 0, 0, 0, 0, 0, 0, 0, 0, 0, 0, 0, 0, 0, 0, 
분당화력, CG3, 2025-05-10 00:00:00, 0, 0, 0, 0, 0, 0, 0, 0, 0, 0, 0, 0, 0, 0, 0, 0, 0, 0, 0, 0, 0, 0, 0, 0, 0, 0, 0, 0, 0, 0, 
분당화력, CG4, 2025-05-10 00:00:00, 0, 0, 0, 0, 0, 0, 0, 0, 0, 0, 0, 0, 0, 0, 0, 0, 0, 0, 0, 0, 0, 0, 0, 0, 0, 0, 0, 0, 0, 0, 
분당화력, CG5, 2025-05-10 00:00:00, 0, 0, 0, 0, 0, 0, 0, 0, 0, 0, 0, 0, 0, 0, 0, 0, 0, 0, 0, 0, 0, 0, 0, 0, 0, 0, 0, 0, 0, 0, 
분당화력, CG6, 2025-05-10 00:00:00, 0, 0, 0, 0, 0, 0, 0, 0, 0, 0, 0, 0, 0, 0, 0, 0, 0, 0, 0, 0, 0, 0, 0, 0, 0, 0, 0, 0, 0, 0, 
분당화력, CG7, 2025-05-10 00:00:00, 83657, 83472, 83648, 83445, 84397, 84737, 84620, 84699, 84967, 85054, 85084, 85443, 85427, 84900, 85370, 85815, 85711, 85556, 85689, 86063, 85660, 85798, 85789, 0, 1955000, 81458, 86063, 83445, 86063, 0, 
분당화력, CG8, 2025-05-10 00:00:00, 82786, 82461, 81684, 83027, 84227, 84894, 83815, 83847, 84189, 84236, 84317, 84640, 84609, 84086, 84600, 85002, 84907, 84743, 84899, 85275, 84800, 85008, 84947, 0, 1937000, 80708, 85275, 81684, 85275, 0, 
분당화력, CS1, 2025-05-10 00:00:00, 0, 0, 0, 0, 0, 0, 0, 0, 0, 0, 0, 0, 0, 0, 0, 0, 0, 0, 0, 0, 0, 0, 0, 0, 0, 0, 0, 0, 0, 0, 
분당화력, CS2, 2025-05-10 00:00:00, 52681, 52583, 52120, 51924, 52247, 52376, 51881, 51669, 51548, 51552, 51651, 51924, 51916, 51380, 51791, 52264, 52125, 52022, 52262, 52798, 52359, 52454, 52475, 0, 1198000, 49917, 52798, 51380, 52798, 0, 
분당화력, CG1, 2025-05-09 00:00:00, 0, 0, 0, 0, 0, 0, 0, 0, 0, 0, 0, 0, 0, 0, 0, 0, 0, 0, 0, 0, 0, 0, 0, 0, 0, 0, 0, 0, 0, 0, 
분당화력, CG2, 2025-05-09 00:00:00, 0, 0, 0, 0, 0, 0, 0, 0, 0, 0, 0, 0, 0, 0, 0, 0, 0, 0, 0, 0, 0, 0, 0, 0, 0, 0, 0, 0, 0, 0, 
분당화력, CG3, 2025-05-09 00:00:00, 0, 0, 0, 0, 0, 0, 0, 0, 0, 0, 0, 0, 0, 0, 0, 0, 0, 0, 0, 0, 0, 0, 0, 0, 0, 0, 0, 0, 0, 0, 
분당화력, CG4, 2025-05-09 00:00:00, 0, 0, 0, 0, 0, 0, 0, 0, 0, 0, 0, 0, 0, 0, 0, 0, 0, 0, 0, 0, 0, 0, 0, 0, 0, 0, 0, 0, 0, 0, 
분당화력, CG5, 2025-05-09 00:00:00, 0, 0, 0, 0, 0, 0, 0, 0, 0, 0, 0, 0, 0, 0, 0, 0, 0, 0, 0, 0, 0, 0, 0, 0, 0, 0, 0, 0, 0, 0, 
분당화력, CG6, 2025-05-09 00:00:00, 0, 0, 0, 0, 0, 0, 0, 0, 0, 0, 0, 0, 0, 0, 0, 0, 0, 0, 0, 0, 0, 0, 0, 0, 0, 0, 0, 0, 0, 0, 
분당화력, CG7, 2025-05-09 00:00:00, 80516, 80566, 80444, 80367, 80343, 80640, 80649, 80709, 80656, 80490, 80439, 80207, 80411, 80660, 80827, 80769, 80439, 80605, 80660, 80551, 80141, 80149, 80375, 80385, 1932000, 80500, 80827, 80141, 80827, 80141, 
분당화력, CG8, 2025-05-09 00:00:00, 79759, 79813, 79660, 79592, 79590, 79864, 79895, 79942, 79860, 79680, 79641, 79395, 79653, 79840, 80004, 79974, 79625, 79801, 79844, 79726, 79349, 79322, 79571, 79599, 1913000, 79708, 80004, 79322, 80004, 79322, 
분당화력, CS1, 2025-05-09 00:00:00, 0, 0, 0, 0, 0, 0, 0, 0, 0, 0, 0, 0, 0, 0, 0, 0, 0, 0, 0, 0, 0, 0, 0, 0, 0, 0, 0, 0, 0, 0, 
분당화력, CS2, 2025-05-09 00:00:00, 50282, 50497, 50292, 50086, 49898, 50147, 50105, 50160, 49888, 49884, 49452, 49577, 49978, 50130, 50515, 50646, 50531, 50702, 51003, 50462, 50328, 50321, 50525, 50590, 1206000, 50250, 51003, 49452, 51003, 49452, 
분당화력, CG1, 2025-05-08 00:00:00, 0, 0, 0, 0, 0, 0, 0, 0, 0, 0, 0, 0, 0, 0, 0, 0, 0, 0, 0, 0, 0, 0, 0, 0, 0, 0, 0, 0, 0, 0, 
분당화력, CG2, 2025-05-08 00:00:00, 0, 0, 0, 0, 0, 0, 0, 0, 0, 0, 0, 0, 0, 0, 0, 0, 0, 0, 0, 0, 0, 0, 0, 0, 0, 0, 0, 0, 0, 0, 
분당화력, CG3, 2025-05-08 00:00:00, 0, 0, 0, 0, 0, 0, 0, 0, 0, 0, 0, 0, 0, 0, 0, 0, 0, 0, 0, 0, 0, 0, 0, 0, 0, 0, 0, 0, 0, 0, 
분당화력, CG4, 2025-05-08 00:00:00, 0, 0, 0, 0, 0, 0, 0, 0, 0, 0, 0, 0, 0, 0, 0, 0, 0, 0, 0, 0, 0, 0, 0, 0, 0, 0, 0, 0, 0, 0, 
분당화력, CG5, 2025-05-08 00:00:00, 0, 0, 0, 0, 0, 0, 0, 0, 0, 0, 0, 0, 0, 0, 0, 0, 0, 0, 0, 0, 0, 0, 0, 0, 0, 0, 0, 0, 0, 0, 
분당화력, CG6, 2025-05-08 00:00:00, 0, 0, 0, 0, 0, 0, 0, 0, 0, 0, 0, 0, 0, 0, 0, 0, 0, 0, 0, 0, 0, 0, 0, 0, 0, 0, 0, 0, 0, 0, 
분당화력, CG7, 2025-05-08 00:00:00, 81634, 81603, 81374, 81314, 81411, 81765, 83290, 83159, 81971, 80213, 78442, 78823, 78070, 76880, 76615, 76930, 77055, 76731, 76954, 78722, 79549, 79937, 80385, 80173, 1913000, 79708, 83290, 76615, 83290, 76615, 
분당화력, CG8, 2025-05-08 00:00:00, 81956, 81904, 81704, 81635, 81753, 81992, 82819, 82449, 81191, 79369, 77261, 77421, 78288, 76435, 76471, 76292, 76762, 76814, 77136, 78144, 78780, 78852, 79177, 79395, 1904000, 79333, 82819, 76292, 82819, 76292, 
분당화력, CS1, 2025-05-08 00:00:00, 0, 0, 0, 0, 0, 0, 0, 0, 0, 0, 0, 0, 0, 0, 0, 0, 0, 0, 0, 0, 0, 0, 0, 0, 0, 0, 0, 0, 0, 0, 
분당화력, CS2, 2025-05-08 00:00:00, 49388, 49212, 48747, 48684, 48567, 48598, 49693, 50116, 50237, 49906, 49286, 50205, 51024, 50373, 50370, 50543, 50775, 50493, 49639, 49827, 50019, 49943, 50250, 50106, 1196000, 49833, 51024, 48567, 51024, 48567, 
분당화력, CG1, 2025-05-07 00:00:00, 0, 0, 0, 0, 0, 0, 0, 0, 0, 0, 0, 0, 0, 0, 0, 0, 0, 0, 0, 0, 0, 0, 0, 0, 0, 0, 0, 0, 0, 0, 
분당화력, CG2, 2025-05-07 00:00:00, 0, 0, 0, 0, 0, 0, 0, 0, 0, 0, 0, 0, 0, 0, 0, 0, 0, 0, 0, 0, 0, 0, 0, 0, 0, 0, 0, 0, 0, 0, 
분당화력, CG3, 2025-05-07 00:00:00, 0, 0, 0, 0, 0, 0, 0, 0, 0, 0, 0, 0, 0, 0, 0, 0, 0, 0, 0, 0, 0, 0, 0, 0, 0, 0, 0, 0, 0, 0, 
분당화력, CG4, 2025-05-07 00:00:00, 0, 0, 0, 0, 0, 0, 0, 0, 0, 0, 0, 0, 0, 0, 0, 0, 0, 0, 0, 0, 0, 0, 0, 0, 0, 0, 0, 0, 0, 0, 
분당화력, CG5, 2025-05-07 00:00:00, 0, 0, 0, 0, 0, 0, 0, 0, 0, 0, 0, 0, 0, 0, 0, 0, 0, 0, 0, 0, 0, 0, 0, 0, 0, 0, 0, 0, 0, 0, 
분당화력, CG6, 2025-05-07 00:00:00, 0, 0, 0, 0, 0, 0, 0, 0, 0, 0, 0, 0, 0, 0, 0, 0, 0, 0, 0, 0, 0, 0, 0, 0, 0, 0, 0, 0, 0, 0, 
분당화력, CG7, 2025-05-07 00:00:00, 82421, 82803, 82720, 82591, 82550, 82473, 82435, 81653, 80389, 80637, 80663, 80429, 80574, 80023, 79529, 79703, 79708, 79482, 79431, 79714, 79625, 80347, 80810, 81287, 1942000, 80917, 82803, 79431, 82803, 79431, 
분당화력, CG8, 2025-05-07 00:00:00, 81717, 82063, 81975, 81840, 81817, 81767, 81698, 80809, 79618, 79802, 79849, 79584, 79793, 79159, 78607, 78887, 78884, 78606, 78633, 78877, 79024, 80103, 80557, 81331, 1925000, 80208, 82063, 78606, 82063, 78606, 
분당화력, CS1, 2025-05-07 00:00:00, 0, 0, 0, 0, 0, 0, 0, 0, 0, 0, 0, 0, 0, 0, 0, 0, 0, 0, 0, 0, 0, 0, 0, 0, 0, 0, 0, 0, 0, 0, 
분당화력, CS2, 2025-05-07 00:00:00, 49731, 49921, 49796, 49372, 49234, 49025, 49036, 48822, 48694, 49761, 50542, 50882, 51380, 51266, 51139, 51298, 51174, 50465, 49906, 49248, 48415, 48762, 48927, 49202, 1196000, 49833, 51380, 48415, 51380, 48415, 
분당화력, CG1, 2025-05-06 00:00:00, 0, 0, 0, 0, 0, 0, 0, 0, 0, 0, 0, 0, 0, 0, 0, 0, 0, 0, 0, 0, 0, 0, 0, 0, 0, 0, 0, 0, 0, 0, 
분당화력, CG2, 2025-05-06 00:00:00, 0, 0, 0, 0, 0, 0, 0, 0, 0, 0, 0, 0, 0, 0, 0, 0, 0, 0, 0, 0, 0, 0, 0, 0, 0, 0, 0, 0, 0, 0, 
분당화력, CG3, 2025-05-06 00:00:00, 0, 0, 0, 0, 0, 0, 0, 0, 0, 0, 0, 0, 0, 0, 0, 0, 0, 0, 0, 0, 0, 0, 0, 0, 0, 0, 0, 0, 0, 0, 
분당화력, CG4, 2025-05-06 00:00:00, 0, 0, 0, 0, 0, 0, 0, 0, 0, 0, 0, 0, 0, 0, 0, 0, 0, 0, 0, 0, 0, 0, 0, 0, 0, 0, 0, 0, 0, 0, 
분당화력, CG5, 2025-05-06 00:00:00, 0, 0, 0, 0, 0, 0, 0, 0, 0, 0, 0, 0, 0, 0, 0, 0, 0, 0, 0, 0, 0, 0, 0, 0, 0, 0, 0, 0, 0, 0, 
분당화력, CG6, 2025-05-06 00:00:00, 0, 0, 0, 0, 0, 0, 0, 0, 0, 0, 0, 0, 0, 0, 0, 0, 0, 0, 0, 0, 0, 0, 0, 0, 0, 0, 0, 0, 0, 0, 
분당화력, CG7, 2025-05-06 00:00:00, 81606, 81620, 81313, 81620, 81629, 81626, 81680, 83135, 82782, 81445, 81179, 79957, 79726, 79746, 79420, 79305, 79441, 79286, 79173, 79052, 79546, 80181, 80759, 81773, 1937000, 80708, 83135, 79052, 83135, 79052, 
분당화력, CG8, 2025-05-06 00:00:00, 80869, 80915, 80575, 80935, 80903, 80926, 80982, 82228, 81435, 80184, 79894, 79904, 79999, 79072, 78604, 78516, 78641, 78464, 78408, 78232, 78794, 79436, 79994, 81089, 1919000, 79958, 82228, 78232, 82228, 78232, 
분당화력, CS1, 2025-05-06 00:00:00, 0, 0, 0, 0, 0, 0, 0, 0, 0, 0, 0, 0, 0, 0, 0, 0, 0, 0, 0, 0, 0, 0, 0, 0, 0, 0, 0, 0, 0, 0, 
분당화력, CS2, 2025-05-06 00:00:00, 48665, 48245, 47783, 48110, 48125, 48151, 48158, 49661, 50181, 49926, 50318, 50365, 50328, 50245, 49903, 49832, 50113, 50015, 49630, 48955, 48716, 48778, 48840, 48956, 1182000, 49250, 50365, 47783, 50365, 47783, 
분당화력, CG1, 2025-05-05 00:00:00, 0, 0, 0, 0, 0, 0, 0, 0, 0, 0, 0, 33720, 60998, 61116, 52166, 0, 0, 0, 0, 0, 0, 0, 0, 0, 208000, 8667, 61116, 33720, 61116, 0, 
분당화력, CG2, 2025-05-05 00:00:00, 0, 0, 0, 0, 0, 0, 0, 0, 0, 0, 0, 8242, 61612, 61071, 42075, 0, 0, 0, 0, 0, 0, 0, 0, 0, 173000, 7208, 61612, 8242, 61612, 0, 
분당화력, CG3, 2025-05-05 00:00:00, 0, 0, 0, 0, 0, 0, 0, 0, 0, 0, 0, 24109, 61104, 61474, 49313, 0, 0, 0, 0, 0, 0, 0, 0, 0, 196000, 8167, 61474, 24109, 61474, 0, 
분당화력, CG4, 2025-05-05 00:00:00, 0, 0, 0, 0, 0, 0, 0, 0, 0, 0, 0, 1, 56118, 61443, 39438, 0, 0, 0, 0, 0, 0, 0, 0, 0, 157000, 6542, 61443, 1, 61443, 0, 
분당화력, CG5, 2025-05-05 00:00:00, 0, 0, 0, 0, 0, 0, 0, 0, 0, 0, 0, 0, 43079, 61434, 34487, 0, 0, 0, 0, 0, 0, 0, 0, 0, 139000, 5792, 61434, 34487, 61434, 0, 
분당화력, CG6, 2025-05-05 00:00:00, 0, 0, 0, 0, 0, 0, 0, 0, 0, 0, 0, 0, 0, 0, 0, 0, 0, 0, 0, 0, 0, 0, 0, 0, 0, 0, 0, 0, 0, 0, 
분당화력, CG7, 2025-05-05 00:00:00, 79321, 81211, 85641, 86211, 86235, 85214, 84041, 83695, 83619, 83333, 83307, 82262, 81682, 81511, 81451, 81048, 81105, 81134, 81548, 81587, 81677, 81731, 81780, 81656, 1982000, 82583, 86235, 79321, 86235, 79321, 
분당화력, CG8, 2025-05-05 00:00:00, 78068, 79644, 84330, 84514, 84516, 83952, 83672, 83292, 82783, 82062, 82033, 80882, 80740, 80652, 80648, 80195, 80330, 80360, 80794, 80800, 80902, 80957, 80989, 80885, 1958000, 81583, 84516, 78068, 84516, 78068, 
분당화력, CS1, 2025-05-05 00:00:00, 0, 0, 0, 0, 0, 0, 0, 0, 0, 0, 0, 0, 0, 0, 0, 0, 0, 0, 0, 0, 0, 0, 0, 0, 0, 0, 0, 0, 0, 0, 
분당화력, CS2, 2025-05-05 00:00:00, 46457, 47458, 50995, 51320, 51143, 50458, 49853, 49845, 50226, 50511, 50635, 50205, 50110, 50184, 50260, 49822, 49488, 49482, 49709, 49568, 49408, 49368, 49294, 49200, 1195000, 49792, 51320, 46457, 51320, 46457, 
분당화력, CG1, 2025-05-04 00:00:00, 0, 0, 0, 0, 0, 0, 0, 0, 0, 0, 0, 0, 0, 0, 0, 0, 0, 0, 0, 0, 0, 0, 0, 0, 0, 0, 0, 0, 0, 0, 
분당화력, CG2, 2025-05-04 00:00:00, 0, 0, 0, 0, 0, 0, 0, 0, 0, 0, 0, 0, 0, 0, 0, 0, 0, 0, 0, 0, 0, 0, 0, 0, 0, 0, 0, 0, 0, 0, 
분당화력, CG3, 2025-05-04 00:00:00, 0, 0, 0, 0, 0, 0, 0, 0, 0, 0, 0, 0, 0, 0, 0, 0, 0, 0, 0, 0, 0, 0, 0, 0, 0, 0, 0, 0, 0, 0, 
분당화력, CG4, 2025-05-04 00:00:00, 0, 0, 0, 0, 0, 0, 0, 0, 0, 0, 0, 0, 0, 0, 0, 0, 0, 0, 0, 0, 0, 0, 0, 0, 0, 0, 0, 0, 0, 0, 
분당화력, CG5, 2025-05-04 00:00:00, 0, 0, 0, 0, 0, 0, 0, 0, 0, 0, 0, 0, 0, 0, 0, 0, 0, 0, 0, 0, 0, 0, 0, 0, 0, 0, 0, 0, 0, 0, 
분당화력, CG6, 2025-05-04 00:00:00, 0, 0, 0, 0, 0, 0, 0, 0, 0, 0, 0, 0, 0, 0, 0, 0, 0, 0, 0, 0, 0, 0, 0, 0, 0, 0, 0, 0, 0, 0, 
분당화력, CG7, 2025-05-04 00:00:00, 82286, 82473, 82421, 82256, 82311, 82304, 82321, 82042, 82018, 81788, 81491, 76303, 76304, 76340, 76144, 75907, 75831, 76887, 78513, 78822, 78945, 79031, 79083, 79181, 1911000, 79625, 82473, 75831, 82473, 75831, 
분당화력, CG8, 2025-05-04 00:00:00, 80974, 81144, 81078, 80967, 80991, 81021, 81019, 80734, 80692, 80423, 80033, 75317, 75729, 75942, 75610, 75897, 75922, 76825, 78164, 78465, 78568, 78194, 78015, 78275, 1890000, 78750, 81144, 75317, 81144, 75317, 
분당화력, CS1, 2025-05-04 00:00:00, 0, 0, 0, 0, 0, 0, 0, 0, 0, 0, 0, 0, 0, 0, 0, 0, 0, 0, 0, 0, 0, 0, 0, 0, 0, 0, 0, 0, 0, 0, 
분당화력, CS2, 2025-05-04 00:00:00, 48681, 48583, 48438, 48234, 48229, 48230, 48379, 48264, 48897, 49565, 50007, 47082, 47498, 47770, 47670, 47604, 47446, 47764, 48408, 48099, 47572, 47052, 46878, 46649, 1153000, 48042, 50007, 46649, 50007, 46649, 
분당화력, CG1, 2025-05-03 00:00:00, 0, 0, 0, 0, 0, 0, 0, 0, 0, 0, 0, 0, 0, 0, 0, 0, 0, 0, 0, 0, 0, 0, 0, 0, 0, 0, 0, 0, 0, 0, 
분당화력, CG2, 2025-05-03 00:00:00, 0, 0, 0, 0, 0, 0, 0, 0, 0, 0, 0, 0, 0, 0, 0, 0, 0, 0, 0, 0, 0, 0, 0, 0, 0, 0, 0, 0, 0, 0, 
분당화력, CG3, 2025-05-03 00:00:00, 0, 0, 0, 0, 0, 0, 0, 0, 0, 0, 0, 0, 0, 0, 0, 0, 0, 0, 0, 0, 0, 0, 0, 0, 0, 0, 0, 0, 0, 0, 
분당화력, CG4, 2025-05-03 00:00:00, 0, 0, 0, 0, 0, 0, 0, 0, 0, 0, 0, 0, 0, 0, 0, 0, 0, 0, 0, 0, 0, 0, 0, 0, 0, 0, 0, 0, 0, 0, 
분당화력, CG5, 2025-05-03 00:00:00, 0, 0, 0, 0, 0, 0, 0, 0, 0, 0, 0, 0, 0, 0, 0, 0, 0, 0, 0, 0, 0, 0, 0, 0, 0, 0, 0, 0, 0, 0, 
분당화력, CG6, 2025-05-03 00:00:00, 0, 0, 0, 0, 0, 0, 0, 0, 0, 0, 0, 0, 0, 0, 0, 0, 0, 0, 0, 0, 0, 0, 0, 0, 0, 0, 0, 0, 0, 0, 
분당화력, CG7, 2025-05-03 00:00:00, 81012, 81154, 81152, 81152, 81130, 81713, 82886, 83294, 83591, 83729, 83425, 83394, 83362, 83119, 82700, 79945, 79002, 79942, 81050, 80135, 80673, 81258, 81967, 82215, 1963000, 81792, 83729, 79002, 83729, 79002, 
분당화력, CG8, 2025-05-03 00:00:00, 80282, 80402, 80393, 80400, 80394, 80850, 81706, 82093, 82385, 82521, 82188, 82167, 82153, 81904, 82154, 79257, 78227, 76979, 79944, 79661, 79527, 79717, 80699, 80997, 1937000, 80708, 82521, 76979, 82521, 76979, 
분당화력, CS1, 2025-05-03 00:00:00, 0, 0, 0, 0, 0, 0, 0, 0, 0, 0, 0, 0, 0, 0, 0, 0, 0, 0, 0, 0, 0, 0, 0, 0, 0, 0, 0, 0, 0, 0, 
분당화력, CS2, 2025-05-03 00:00:00, 48719, 48554, 48227, 47569, 47439, 47697, 48497, 48906, 49357, 49491, 49260, 49469, 49690, 49890, 50287, 48032, 47199, 47041, 48507, 47737, 47576, 47801, 48410, 48646, 1164000, 48500, 50287, 47041, 50287, 47041, 
분당화력, CG1, 2025-05-02 00:00:00, 0, 0, 0, 0, 0, 0, 0, 0, 0, 0, 0, 0, 0, 39827, 55005, 60780, 62718, 63119, 47551, 0, 0, 0, 0, 0, 329000, 13708, 63119, 39827, 63119, 0, 
분당화력, CG2, 2025-05-02 00:00:00, 0, 0, 0, 0, 0, 0, 0, 0, 0, 0, 0, 0, 0, 0, 25428, 60914, 61815, 60763, 13079, 0, 0, 0, 0, 0, 222000, 9250, 61815, 13079, 61815, 0, 
분당화력, CG3, 2025-05-02 00:00:00, 0, 0, 0, 0, 0, 0, 0, 0, 0, 0, 0, 0, 0, 32939, 54255, 60058, 62529, 63659, 44559, 0, 0, 0, 0, 0, 318000, 13250, 63659, 32939, 63659, 0, 
분당화력, CG4, 2025-05-02 00:00:00, 0, 0, 0, 0, 0, 0, 0, 0, 0, 0, 0, 0, 0, 0, 0, 47636, 61752, 61210, 9402, 0, 0, 0, 0, 0, 180000, 7500, 61752, 9402, 61752, 0, 
분당화력, CG5, 2025-05-02 00:00:00, 0, 0, 0, 0, 0, 0, 0, 0, 0, 0, 0, 0, 0, 0, 0, 10726, 60775, 61290, 4209, 0, 0, 0, 0, 0, 137000, 5708, 61290, 4209, 61290, 0, 
분당화력, CG6, 2025-05-02 00:00:00, 0, 0, 0, 0, 0, 0, 0, 0, 0, 0, 0, 0, 0, 0, 0, 0, 0, 0, 0, 0, 0, 0, 0, 0, 0, 0, 0, 0, 0, 0, 
분당화력, CG7, 2025-05-02 00:00:00, 81737, 81741, 81668, 81694, 81678, 81845, 83010, 82729, 81775, 80239, 80358, 79943, 79942, 80262, 79470, 78972, 78843, 79425, 79491, 79523, 79499, 80063, 80853, 81240, 1936000, 80667, 83010, 78843, 83010, 78843, 
분당화력, CG8, 2025-05-02 00:00:00, 80972, 80944, 80910, 80933, 80924, 81137, 82311, 81957, 80965, 79759, 80006, 79611, 79594, 79924, 79095, 78675, 78520, 78633, 78721, 78719, 78719, 79300, 80217, 80454, 1921000, 80042, 82311, 78520, 82311, 78520, 
분당화력, CS1, 2025-05-02 00:00:00, 0, 0, 0, 0, 0, 0, 0, 0, 0, 0, 0, 0, 0, 0, 36931, 100463, 135892, 138424, 50290, 0, 0, 0, 0, 0, 462000, 19250, 138424, 36931, 138424, 0, 
분당화력, CS2, 2025-05-02 00:00:00, 49252, 49032, 48623, 48371, 48180, 47858, 48811, 49150, 48742, 48061, 48783, 49176, 49514, 50066, 49560, 49103, 48622, 48721, 48545, 48318, 47903, 48388, 49091, 49129, 1171000, 48792, 50066, 47858, 50066, 47858, 
분당화력, CG1, 2025-05-01 00:00:00, 0, 0, 0, 0, 0, 0, 0, 0, 0, 0, 0, 0, 0, 0, 0, 0, 0, 0, 0, 0, 0, 0, 0, 0, 0, 0, 0, 0, 0, 0, 
분당화력, CG2, 2025-05-01 00:00:00, 0, 0, 0, 0, 0, 0, 0, 0, 0, 0, 0, 0, 0, 0, 0, 0, 0, 0, 0, 0, 0, 0, 0, 0, 0, 0, 0, 0, 0, 0, 
분당화력, CG3, 2025-05-01 00:00:00, 0, 0, 0, 0, 0, 0, 0, 0, 0, 0, 0, 0, 0, 0, 34744, 45557, 44090, 58806, 5803, 0, 0, 0, 0, 0, 189000, 7875, 58806, 5803, 58806, 0, 
분당화력, CG4, 2025-05-01 00:00:00, 0, 0, 0, 0, 0, 0, 0, 0, 0, 0, 0, 0, 0, 0, 23609, 45938, 45323, 57330, 1800, 0, 0, 0, 0, 0, 174000, 7250, 57330, 1800, 57330, 0, 
분당화력, CG5, 2025-05-01 00:00:00, 0, 0, 0, 0, 0, 0, 0, 0, 0, 0, 0, 0, 0, 0, 0, 0, 0, 0, 0, 0, 0, 0, 0, 0, 0, 0, 0, 0, 0, 0, 
분당화력, CG6, 2025-05-01 00:00:00, 0, 0, 0, 0, 0, 0, 0, 0, 0, 0, 0, 0, 0, 0, 0, 0, 0, 0, 0, 0, 0, 0, 0, 0, 0, 0, 0, 0, 0, 0, 
분당화력, CG7, 2025-05-01 00:00:00, 79161, 79085, 79146, 79117, 79119, 79094, 79069, 79082, 79118, 79182, 79089, 80001, 80122, 80146, 80064, 80104, 80337, 80996, 81500, 81710, 81699, 81642, 81710, 81708, 1922000, 80083, 81710, 79069, 81710, 79069, 
분당화력, CG8, 2025-05-01 00:00:00, 78876, 78800, 78859, 78798, 78795, 78789, 78787, 78783, 78780, 78880, 78791, 79829, 80288, 80369, 80308, 80336, 80621, 80997, 80729, 80927, 80905, 80865, 80948, 80945, 1915000, 79792, 80997, 78780, 80997, 78780, 
분당화력, CS1, 2025-05-01 00:00:00, 0, 0, 0, 0, 0, 0, 0, 0, 0, 0, 0, 0, 0, 0, 0, 4, 12423, 39255, 1318, 0, 0, 0, 0, 0, 53000, 2208, 39255, 4, 39255, 0, 
분당화력, CS2, 2025-05-01 00:00:00, 48755, 49307, 49578, 49650, 49630, 49481, 49315, 49319, 49572, 49694, 48217, 48331, 48761, 49310, 48982, 49291, 49579, 50033, 50171, 50491, 50003, 49718, 49526, 49287, 1186000, 49417, 50491, 48217, 50491, 48217, 
