hour,instant_gap_pos,effective_gap,total_alloc,shortfall,over_commit,warmup,state_inc,state_release,n
9,316.92397038757167,36.366514569766125,9.182960224364885,27.18355434540124,5.551115123125783e-17,0,2,0,365
10,499.43758152159796,76.99879589986803,40.55091177558462,36.85451666405332,0.4066325397699183,3,11,0,363
11,637.6567787570725,180.30186145416798,135.21320331876066,45.4189469276406,0.330288792233268,6,21,0,363
12,889.0335962311606,381.30970021159567,296.5769874491616,89.05699707818496,4.324284315750933,2,25,1,364
13,1033.5924011801312,584.6927193759883,491.82372445114765,97.39627251735205,4.527277592511467,4,27,0,365
14,1081.0495394188874,560.8886227556927,576.8534248946652,46.29314550347628,62.25794764244874,3,20,1,365
15,763.4211206662544,250.14768003543384,435.4488515685634,53.34210930182424,238.6432808349538,1,6,0,365
16,519.6572062255046,126.89629874610947,291.6411089534151,29.436792049249174,194.18160225655478,1,3,0,365
17,357.19230867335705,51.86919032989978,170.82883545967272,16.46916148827691,135.42880661804983,0,0,0,365
