date,p1_short,p1_over,eff_gap,p2_short,p2_over,warmup,delta_short,delta_over
2025-01-01,0.0,0.0,0.0,0.0,0.0,0,0.0,0.0
2025-01-02,1.1102230246251565e-16,0.0,2.084773402959115,1.1102230246251565e-16,0.0,0,0.0,0.0
2025-01-03,0.0,0.0,0.0,0.0,0.0,0,0.0,0.0
2025-01-04,0.0,0.0,0.0,0.0,0.0,0,0.0,0.0
2025-01-05,0.0,0.0,3.8686164376154775,0.0,0.0,0,0.0,0.0
2025-01-06,0.0,0.0,5.584770532913508,0.0,0.0,0,0.0,0.0
2025-01-07,0.0,0.0,0.0,0.0,0.0,0,0.0,0.0
2025-01-08,0.0,0.0,0.6447927197217922,0.0,0.0,0,0.0,0.0
2025-01-09,0.0,0.0,3.4200216527730234,0.0,0.0,0,0.0,0.0
2025-01-10,0.0,0.0,0.0,0.0,0.0,0,0.0,0.0
2025-01-11,0.0,2.220446049250313e-16,6.588368102475993,0.0,2.220446049250313e-16,0,0.0,0.0
2025-01-12,0.0,0.0,0.0,0.0,0.0,0,0.0,0.0
2025-01-13,0.0,0.0,0.0,0.0,0.0,0,0.0,0.0
2025-01-14,4.440892098500626e-16,0.0,14.049997247591605,4.440892098500626e-16,0.0,0,0.0,0.0
2025-01-15,0.0,0.0,0.0,0.0,0.0,0,0.0,0.0
2025-01-16,0.0,0.0,1.1237867386490095,0.0,0.0,0,0.0,0.0
2025-01-17,0.0,0.0,0.0,0.0,0.0,0,0.0,0.0
2025-01-18,0.0,0.0,0.0,0.0,0.0,0,0.0,0.0
2025-01-19,0.0,0.0,0.0,0.0,0.0,0,0.0,0.0
2025-01-20,0.0,0.0,15.825249227151271,0.0,0.0,0,0.0,0.0
2025-01-21,0.0,0.0,2.235812835872167,0.0,0.0,0,0.0,0.0
2025-01-22,2.220446049250313e-16,4.440892098500626e-16,6.7041046710014385,2.220446049250313e-16,4.440892098500626e-16,0,0.0,0.0
2025-01-23,4.440892098500626e-16,0.0,18.159456667006012,4.440892098500626e-16,0.0,0,0.0,0.0
2025-01-24,1.3877787807814457e-17,2.7755575615628914e-17,0.5283427699655192,1.3877787807814457e-17,2.7755575615628914e-17,0,0.0,0.0
2025-01-25,0.0,0.0,2.235463124200699,0.0,0.0,0,0.0,0.0
2025-01-26,0.0,1.1102230246251565e-16,0.9270893166661267,0.0,1.1102230246251565e-16,0,0.0,0.0
2025-01-27,0.0,0.0,9.355419806417075,0.0,0.0,0,0.0,0.0
2025-01-28,0.0,0.0,2.4100908646583576,0.0,0.0,0,0.0,0.0
2025-01-29,0.0,0.0,0.16056586492061697,0.0,0.0,0,0.0,0.0
2025-01-30,0.0,0.0,0.0,0.0,0.0,0,0.0,0.0
2025-01-31,0.0,0.0,0.44401728555932607,0.0,0.0,0,0.0,0.0
2025-02-01,0.0,0.0,0.0,0.0,0.0,0,0.0,0.0
2025-02-02,0.0,0.0,0.0,0.0,0.0,0,0.0,0.0
2025-02-03,8.881784197001252e-16,0.0,6.246735423833137,8.881784197001252e-16,0.0,0,0.0,0.0
2025-02-04,0.0,2.220446049250313e-16,1.1204714306741952,0.0,2.220446049250313e-16,0,0.0,0.0
2025-02-05,0.0,1.1102230246251565e-16,1.4782958554029495,0.0,1.1102230246251565e-16,0,0.0,0.0
2025-02-06,0.0,0.0,10.987023893349804,0.0,0.0,0,0.0,0.0
2025-02-07,0.0,0.0,0.0,0.0,0.0,0,0.0,0.0
2025-02-08,0.0,0.0,0.0,0.0,0.0,0,0.0,0.0
2025-02-09,0.0,0.0,0.0,0.0,0.0,0,0.0,0.0
2025-02-10,0.0,4.440892098500626e-16,3.7231967116966835,0.0,4.440892098500626e-16,0,0.0,0.0
2025-02-11,0.0,0.0,0.0,0.0,0.0,0,0.0,0.0
2025-02-12,0.0,0.0,0.0,0.0,0.0,0,0.0,0.0
2025-02-13,0.0,0.0,0.0,0.0,0.0,0,0.0,0.0
2025-02-14,0.0,0.0,0.0,0.0,0.0,0,0.0,0.0
2025-02-15,0.0,0.0,0.0,0.0,0.0,0,0.0,0.0
2025-02-16,0.0,0.0,0.0,0.0,0.0,0,0.0,0.0
2025-02-17,0.0,0.0,0.0,0.0,0.0,0,0.0,0.0
2025-02-18,0.0,0.0,0.0,0.0,0.0,0,0.0,0.0
2025-02-19,0.0,0.0,0.0,0.0,0.0,0,0.0,0.0
2025-02-20,0.0,0.0,0.0,0.0,0.0,0,0.0,0.0
2025-02-21,0.0,0.0,3.2578657735586205,0.0,0.0,0,0.0,0.0
2025-02-22,0.0,0.0,0.0,0.0,0.0,0,0.0,0.0
2025-02-23,0.0,0.0,0.0,0.0,0.0,0,0.0,0.0
2025-02-24,0.0,0.0,0.0,0.0,0.0,0,0.0,0.0
2025-02-25,0.0,0.0,2.071821617215871,0.0,0.0,0,0.0,0.0
2025-02-26,0.0,2.220446049250313e-16,3.1921071256101072,0.0,2.220446049250313e-16,0,0.0,0.0
2025-02-27,0.0,0.0,0.0,0.0,0.0,0,0.0,0.0
2025-02-28,0.0,0.0,0.5169301870018241,0.0,0.0,0,0.0,0.0
2025-03-01,0.0,0.0,0.0,0.0,0.0,0,0.0,0.0
2025-03-02,0.0,0.0,0.17802549816481683,0.0,0.0,0,0.0,0.0
2025-03-03,0.0,0.0,0.0,0.0,0.0,0,0.0,0.0
2025-03-04,0.0,0.0,0.0,0.0,0.0,0,0.0,0.0
2025-03-05,0.0,0.0,0.0,0.0,0.0,0,0.0,0.0
2025-03-06,0.0,0.0,9.184715840645136,0.0,0.0,0,0.0,0.0
2025-03-07,0.0,0.0,9.936734529703855,0.0,0.0,0,0.0,0.0
2025-03-08,0.0,0.0,0.0,0.0,0.0,0,0.0,0.0
2025-03-09,0.0,0.0,0.0,0.0,0.0,0,0.0,0.0
2025-03-10,0.0,0.0,0.0,0.0,0.0,0,0.0,0.0
2025-03-11,0.0,0.0,2.24415281450748,0.0,0.0,0,0.0,0.0
2025-03-12,0.0,0.0,3.869435796223584,0.0,0.0,0,0.0,0.0
2025-03-13,0.0,0.0,1.7223014977872353,0.0,0.0,0,0.0,0.0
2025-03-14,44.13339897730947,41.95200000000004,71.64339897730947,44.13339897730947,41.95200000000004,1,0.0,0.0
2025-03-15,0.0,0.0,0.0,0.0,0.0,0,0.0,0.0
2025-03-16,0.0,0.0,7.8166478749662645,0.0,0.0,0,0.0,0.0
2025-03-17,0.0,0.0,0.0,0.0,0.0,0,0.0,0.0
2025-03-18,0.0,0.0,2.757769530287945,0.0,0.0,0,0.0,0.0
2025-03-19,0.0,0.0,0.0,0.0,0.0,0,0.0,0.0
2025-03-20,0.0,0.0,0.0,0.0,0.0,0,0.0,0.0
2025-03-21,0.0,0.0,0.0,0.0,0.0,0,0.0,0.0
2025-03-22,13.487680188603584,81.38954070946097,146.3508498923423,13.487680188603584,81.38954070946097,0,0.0,0.0
2025-03-23,13.553620488581856,54.54962124310515,199.5204130791052,13.553620488581856,54.54962124310515,0,0.0,0.0
2025-03-24,0.0,1.734723475976807e-18,6.00554990878701,0.0,1.734723475976807e-18,0,0.0,0.0
2025-03-25,0.0,0.0,14.088752228200434,0.0,0.0,0,0.0,0.0
2025-03-26,0.0,0.0,3.706222540393469,0.0,0.0,0,0.0,0.0
2025-03-27,8.881784197001252e-16,0.0,8.135729446984826,8.881784197001252e-16,0.0,0,0.0,0.0
2025-03-28,0.0,0.0,0.0,0.0,0.0,0,0.0,0.0
2025-03-29,0.0,0.0,0.0,0.0,0.0,0,0.0,0.0
2025-03-30,18.834351544112874,59.4500873025501,47.6574487003386,18.834351544112874,38.40168730255015,0,0.0,21.04839999999995
2025-03-31,0.0,0.0,6.529170546457173,0.0,0.0,0,0.0,0.0
2025-04-01,0.0,0.0,0.0,0.0,0.0,0,0.0,0.0
2025-04-02,0.0,0.0,0.0,0.0,0.0,0,0.0,0.0
2025-04-03,0.0,0.0,0.0,0.0,0.0,0,0.0,0.0
2025-04-04,0.0,0.0,0.0,0.0,0.0,0,0.0,0.0
2025-04-05,0.0,2.220446049250313e-16,1.255189051750115,0.0,2.220446049250313e-16,0,0.0,0.0
2025-04-06,15.155698640558704,98.30406887699178,95.4431520531989,15.155698640558704,98.30406887699178,0,0.0,0.0
2025-04-07,0.0,0.0,0.0,0.0,0.0,0,0.0,0.0
2025-04-08,0.0,0.0,2.2028118360042654,0.0,0.0,0,0.0,0.0
2025-04-09,0.0,1.1102230246251565e-16,0.5433989740312128,0.0,1.1102230246251565e-16,0,0.0,0.0
2025-04-10,0.0,0.0,0.0,0.0,0.0,0,0.0,0.0
2025-04-11,0.0,0.0,0.0,0.0,0.0,0,0.0,0.0
2025-04-12,0.0,0.0,0.0,0.0,0.0,0,0.0,0.0
2025-04-13,2.8560828327675267,25.29400796171715,79.27627578913422,2.8560828327675267,25.29400796171715,0,0.0,0.0
2025-04-14,0.0,4.440892098500626e-16,9.312666608005756,0.0,4.440892098500626e-16,0,0.0,0.0
2025-04-15,0.0,0.0,10.228912714302545,0.0,0.0,0,0.0,0.0
2025-04-16,0.0,0.0,0.0,0.0,0.0,0,0.0,0.0
2025-04-17,0.0,0.0,0.0,0.0,0.0,0,0.0,0.0
2025-04-18,0.0,0.0,1.7476072253137858,0.0,0.0,0,0.0,0.0
2025-04-19,0.0,0.0,0.0,0.0,0.0,0,0.0,0.0
2025-04-20,0.0,0.0,0.0,0.0,0.0,0,0.0,0.0
2025-04-21,0.0,0.2972880525509103,11.506947523236274,0.0,0.2972880525509103,0,0.0,0.0
2025-04-22,0.0,0.0,0.0,0.0,0.0,0,0.0,0.0
2025-04-23,0.0,0.0,0.0,0.0,0.0,0,0.0,0.0
2025-04-24,0.0,0.0,0.0,0.0,0.0,0,0.0,0.0
2025-04-25,0.0,0.0,0.0,0.0,0.0,0,0.0,0.0
2025-04-26,16.67655751113022,102.97459777950023,108.12246712659712,16.67655751113022,102.97459777950023,0,0.0,0.0
2025-04-27,0.0,4.440892098500626e-16,9.838506393328316,0.0,4.440892098500626e-16,0,0.0,0.0
2025-04-28,0.0,0.0,0.0,0.0,0.0,0,0.0,0.0
2025-04-29,0.0,0.0,0.0,0.0,0.0,0,0.0,0.0
2025-04-30,0.0,0.0,0.0,0.0,0.0,0,0.0,0.0
2025-05-01,1.7763568394002505e-15,5.910668631501851,10.039949231307022,1.7763568394002505e-15,5.910668631501851,0,0.0,0.0
2025-05-02,0.0,20.307557521450473,67.30932157863677,0.0,20.307557521450473,0,0.0,0.0
2025-05-03,6.661338147750939e-16,0.0,4.214964890304952,6.661338147750939e-16,0.0,0,0.0,0.0
2025-05-04,12.545363166884137,96.77540910889113,148.47173767014164,12.545363166884137,96.77540910889113,0,0.0,0.0
2025-05-05,5.551115123125783e-17,0.0,2.7670583956018078,5.551115123125783e-17,0.0,0,0.0,0.0
2025-05-06,0.0,0.0,0.0,0.0,0.0,0,0.0,0.0
2025-05-07,0.0,0.0,0.0,0.0,0.0,0,0.0,0.0
2025-05-08,0.0,0.3302887922332669,4.6409030480384885,0.0,0.3302887922332669,0,0.0,0.0
2025-05-09,0.0,0.0,0.0,0.0,0.0,0,0.0,0.0
2025-05-10,0.0,0.0,0.0,0.0,0.0,0,0.0,0.0
2025-05-11,0.0,0.0,0.0,0.0,0.0,0,0.0,0.0
2025-05-12,0.0,0.0,0.0,0.0,0.0,0,0.0,0.0
2025-05-13,0.0,0.0,0.0,0.0,0.0,0,0.0,0.0
2025-05-14,0.0,0.0,0.0,0.0,0.0,0,0.0,0.0
2025-05-15,0.0,0.0,0.0,0.0,0.0,0,0.0,0.0
2025-05-16,0.0,0.0,0.0,0.0,0.0,0,0.0,0.0
2025-05-17,0.0,0.0,0.0,0.0,0.0,0,0.0,0.0
2025-05-18,0.0,0.0,0.0,0.0,0.0,0,0.0,0.0
2025-05-19,0.0,0.0,0.0,0.0,0.0,0,0.0,0.0
2025-05-20,0.0,0.6509123629694034,8.64980427058786,0.0,0.6509123629694034,0,0.0,0.0
2025-05-21,0.0,0.0,0.0,0.0,0.0,0,0.0,0.0
2025-05-22,0.0,0.0,0.0,0.0,0.0,0,0.0,0.0
2025-05-23,0.0,0.0,0.0,0.0,0.0,0,0.0,0.0
2025-05-24,0.0,0.0,0.0,0.0,0.0,0,0.0,0.0
2025-05-25,0.0,0.0,0.0,0.0,0.0,0,0.0,0.0
2025-05-26,0.0,0.0,0.0,0.0,0.0,0,0.0,0.0
2025-05-27,0.0,0.0,0.0,0.0,0.0,0,0.0,0.0
2025-05-28,0.0,0.0,0.0,0.0,0.0,0,0.0,0.0
2025-05-29,0.0,0.0,28.091769033103013,0.0,0.0,0,0.0,0.0
2025-05-30,0.0,0.10733971649013374,7.3245643976628685,0.0,0.10733971649013374,0,0.0,0.0
2025-05-31,0.0,0.0,0.0,0.0,0.0,0,0.0,0.0
2025-06-01,0.0,0.0,0.0,0.0,0.0,0,0.0,0.0
2025-06-02,0.0,0.0,0.0,0.0,0.0,0,0.0,0.0
2025-06-03,0.0,0.0,0.0,0.0,0.0,0,0.0,0.0
2025-06-04,0.0,0.0,0.0,0.0,0.0,0,0.0,0.0
2025-06-05,0.0,0.0,0.0,0.0,0.0,0,0.0,0.0
2025-06-06,1.1361605889052164,2.220446049250313e-16,7.0990289321038915,1.1361605889052164,2.220446049250313e-16,0,0.0,0.0
2025-06-07,0.0,0.0,0.0,0.0,0.0,0,0.0,0.0
2025-06-08,2.7577953804582336,0.0,2.7577953804582336,2.7577953804582336,0.0,0,0.0,0.0
2025-06-09,0.0,0.0,0.0,0.0,0.0,0,0.0,0.0
2025-06-10,0.0,0.0,6.202399206548929,0.0,0.0,0,0.0,0.0
2025-06-11,0.0,0.0,0.0,0.0,0.0,0,0.0,0.0
2025-06-12,0.0,0.0,0.0,0.0,0.0,0,0.0,0.0
2025-06-13,0.0,0.0,1.3175417953878643,0.0,0.0,0,0.0,0.0
2025-06-14,0.0,0.0,0.0,0.0,0.0,0,0.0,0.0
2025-06-15,8.308979478240008,0.0,8.308979478240008,8.308979478240008,0.0,0,0.0,0.0
2025-06-16,0.0,0.0,0.0,0.0,0.0,0,0.0,0.0
2025-06-17,0.0,0.0,21.889403012797246,0.0,0.0,0,0.0,0.0
2025-06-18,0.0,0.0,0.0,0.0,0.0,0,0.0,0.0
2025-06-19,0.0,0.0,5.390457676604392,0.0,0.0,0,0.0,0.0
2025-06-20,0.0,0.0,0.0,0.0,0.0,0,0.0,0.0
2025-06-21,0.0,0.0,0.0,0.0,0.0,0,0.0,0.0
2025-06-22,0.0,0.0,0.0,0.0,0.0,0,0.0,0.0
2025-06-23,0.0,0.0,0.0,0.0,0.0,0,0.0,0.0
2025-06-24,0.0,0.0,0.0914154617153109,0.0,0.0,0,0.0,0.0
2025-06-25,0.0,0.0,0.0,0.0,0.0,0,0.0,0.0
2025-06-26,0.0,0.0,0.0,0.0,0.0,0,0.0,0.0
2025-06-27,0.0,0.0,0.0,0.0,0.0,0,0.0,0.0
2025-06-28,0.0,0.0,0.0,0.0,0.0,0,0.0,0.0
2025-06-29,0.0,0.0,0.0,0.0,0.0,0,0.0,0.0
2025-06-30,0.0,0.0,0.0,0.0,0.0,0,0.0,0.0
2025-07-01,0.0,0.0,0.0,0.0,0.0,0,0.0,0.0
2025-07-02,0.0,0.0,0.6897455116212363,0.0,0.0,0,0.0,0.0
2025-07-03,0.0,0.0,0.0,0.0,0.0,0,0.0,0.0
2025-07-04,0.0,0.0,1.2445992769002885,0.0,0.0,0,0.0,0.0
2025-07-05,0.0,0.0,0.0,0.0,0.0,0,0.0,0.0
2025-07-06,0.0,0.0,0.0,0.0,0.0,0,0.0,0.0
2025-07-07,0.0,0.0,0.0,0.0,0.0,0,0.0,0.0
2025-07-08,0.0,0.0,14.268148026511078,0.0,0.0,0,0.0,0.0
2025-07-09,0.0,0.0,0.0,0.0,0.0,0,0.0,0.0
2025-07-10,0.0,0.0,0.0,0.0,0.0,0,0.0,0.0
2025-07-11,2.1492153351008874,0.0,2.1492153351008874,2.1492153351008874,0.0,0,0.0,0.0
2025-07-12,1.461472138226032,0.0,1.461472138226032,1.461472138226032,0.0,0,0.0,0.0
2025-07-13,14.45796481870115,0.0,14.45796481870115,10.582076938726008,0.0,1,3.875887879975142,0.0
2025-07-14,3.1205272903218884,0.0,3.1205272903218884,3.1205272903218884,0.0,0,0.0,0.0
2025-07-15,14.436805943489073,0.0,14.436805943489073,9.121028589785098,0.0,1,5.315777353703975,0.0
2025-07-16,0.5453553385771812,0.0,0.5453553385771812,0.5453553385771812,0.0,0,0.0,0.0
2025-07-17,3.995885259360074,0.0,3.995885259360074,3.995885259360074,0.0,0,0.0,0.0
2025-07-18,0.0,0.0,0.0,0.0,0.0,0,0.0,0.0
2025-07-19,0.0,0.0,0.0,0.0,0.0,0,0.0,0.0
2025-07-20,0.2926438365727648,0.0,0.2926438365727648,0.2926438365727648,0.0,0,0.0,0.0
2025-07-21,5.957018331665546,0.0,6.285466743770984,5.957018331665546,0.0,0,0.0,0.0
2025-07-22,0.0,0.0,0.0,0.0,0.0,0,0.0,0.0
2025-07-23,0.0,0.0,0.0,0.0,0.0,0,0.0,0.0
2025-07-24,0.0,0.0,0.0,0.0,0.0,0,0.0,0.0
2025-07-25,0.0,2.6892434034633967,7.211657621651888,0.0,2.6892434034633967,0,0.0,0.0
2025-07-26,3.839693257153037,0.0,3.839693257153037,3.839693257153037,0.0,1,0.0,0.0
2025-07-27,0.0,0.0,0.0,0.0,0.0,0,0.0,0.0
2025-07-28,0.0,0.0,0.0,0.0,0.0,0,0.0,0.0
2025-07-29,0.0,0.0,15.060725049644702,0.0,0.0,0,0.0,0.0
2025-07-30,0.0,1.1102230246251565e-16,6.754757743299008,0.0,1.1102230246251565e-16,0,0.0,0.0
2025-07-31,8.829770686626432,0.0,8.829770686626432,5.107559236556291,0.0,1,3.722211450070141,0.0
2025-08-01,0.0,0.0,0.0,0.0,0.0,0,0.0,0.0
2025-08-02,19.86000306724012,0.0,19.86000306724012,15.628306666582827,0.0,1,4.231696400657295,0.0
2025-08-03,1.8426062361039204,0.0,1.8426062361039204,1.8426062361039204,0.0,0,0.0,0.0
2025-08-04,0.0,0.0,0.0,0.0,0.0,0,0.0,0.0
2025-08-05,0.0,0.0,0.0,0.0,0.0,0,0.0,0.0
2025-08-06,0.0,0.0,0.0,0.0,0.0,0,0.0,0.0
2025-08-07,0.0,0.0,0.0,0.0,0.0,0,0.0,0.0
2025-08-08,2.483480290532107,0.0,2.483480290532107,2.483480290532107,0.0,0,0.0,0.0
2025-08-09,0.0,0.0,0.0,0.0,0.0,0,0.0,0.0
2025-08-10,6.9830015892370145,0.0,6.9830015892370145,6.9830015892370145,0.0,0,0.0,0.0
2025-08-11,0.0,0.0,0.0,0.0,0.0,0,0.0,0.0
2025-08-12,5.505931659954598,0.0,5.505931659954598,5.505931659954598,0.0,0,0.0,0.0
2025-08-13,4.887025716885926,0.0,4.887025716885926,4.887025716885926,0.0,0,0.0,0.0
2025-08-14,3.988431535393005,0.0,3.988431535393005,3.988431535393005,0.0,0,0.0,0.0
2025-08-15,0.0,0.0,0.0,0.0,0.0,0,0.0,0.0
2025-08-16,0.0,0.0,0.0,0.0,0.0,0,0.0,0.0
2025-08-17,2.818147727243602,0.0,2.818147727243602,2.818147727243602,0.0,0,0.0,0.0
2025-08-18,5.086691270262001,0.10787485269164246,11.62257117421925,5.086691270262001,0.10787485269164246,1,0.0,0.0
2025-08-19,0.0,0.0,0.0,0.0,0.0,0,0.0,0.0
2025-08-20,24.012870517149565,94.28647025290316,90.36992311409861,24.012870517149565,42.344086795615,1,0.0,51.94238345728816
2025-08-21,0.0,0.0,0.0,0.0,0.0,0,0.0,0.0
2025-08-22,0.0,0.0,0.0,0.0,0.0,0,0.0,0.0
2025-08-23,7.934971301108604,0.0,7.934971301108604,7.934971301108604,0.0,1,0.0,0.0
2025-08-24,11.012335023388268,0.0,11.012335023388268,10.778317408859728,0.0,1,0.23401761452853975,0.0
2025-08-25,0.0,0.0,26.04691976673155,0.0,0.0,0,0.0,0.0
2025-08-26,8.881784197001252e-16,0.0,25.697448816120623,8.881784197001252e-16,0.0,0,0.0,0.0
2025-08-27,0.0,0.0,0.0,0.0,0.0,0,0.0,0.0
2025-08-28,0.0,0.0,0.0,0.0,0.0,0,0.0,0.0
2025-08-29,0.0,0.0,0.0,0.0,0.0,0,0.0,0.0
2025-08-30,0.0,0.0,0.0,0.0,0.0,0,0.0,0.0
2025-08-31,1.7767599589601168,0.0,1.7767599589601168,1.7767599589601168,0.0,0,0.0,0.0
2025-09-01,0.0,0.0,10.622688736926762,0.0,0.0,0,0.0,0.0
2025-09-02,4.440892098500626e-16,0.0,2.739148868307474,4.440892098500626e-16,0.0,0,0.0,0.0
2025-09-03,0.0,1.7733332470927694,24.751221555471425,0.0,1.7733332470927694,0,0.0,0.0
2025-09-04,2.7755575615628914e-16,0.0,20.01336692754551,2.7755575615628914e-16,0.0,0,0.0,0.0
2025-09-05,0.0,2.220446049250313e-16,14.204168035060171,0.0,2.220446049250313e-16,0,0.0,0.0
2025-09-06,73.15889928968997,0.0,73.15889928968997,28.294590090975166,16.135020427934833,3,44.86430919871481,-16.135020427934833
2025-09-07,63.38116575413302,0.0,63.38116575413302,22.472804576044084,0.0,3,40.90836117808894,0.0
2025-09-08,0.0,5.551115123125783e-17,7.537257767450061,0.0,5.551115123125783e-17,0,0.0,0.0
2025-09-09,3.120732256339398,0.0,3.120732256339398,3.120732256339398,0.0,0,0.0,0.0
2025-09-10,6.786491218581794,0.0,6.786491218581794,6.786491218581794,0.0,0,0.0,0.0
2025-09-11,1.643001215226949,0.0,1.643001215226949,1.643001215226949,0.0,0,0.0,0.0
2025-09-12,20.97410352613032,0.0,20.97410352613032,20.97410352613032,0.0,0,0.0,0.0
2025-09-13,6.661347130622712,0.0,6.661347130622712,6.661347130622712,0.0,0,0.0,0.0
2025-09-14,6.059078982852398,0.0,6.059078982852398,6.059078982852398,0.0,0,0.0,0.0
2025-09-15,0.0,0.0,3.033375426717102,0.0,0.0,0,0.0,0.0
2025-09-16,3.224169566854833,2.360029740673035,7.972199307527859,3.224169566854833,2.360029740673035,0,0.0,0.0
2025-09-17,3.4576265054671085,0.0,10.142325997717677,3.4576265054671085,0.0,0,0.0,0.0
2025-09-18,0.0,0.0,3.1185661615822475,0.0,0.0,0,0.0,0.0
2025-09-19,0.0,0.0,18.88046701066103,0.0,0.0,0,0.0,0.0
2025-09-20,0.0,0.0,0.0,0.0,0.0,0,0.0,0.0
2025-09-21,0.0,0.0,0.0,0.0,0.0,0,0.0,0.0
2025-09-22,0.0,0.0,1.0303596226796508,0.0,0.0,0,0.0,0.0
2025-09-23,0.0,0.0,0.0,0.0,0.0,0,0.0,0.0
2025-09-24,0.0,0.0,7.439274096211418,0.0,0.0,0,0.0,0.0
2025-09-25,0.0,0.0,0.0,0.0,0.0,0,0.0,0.0
2025-09-26,0.0,0.0,0.0,0.0,0.0,0,0.0,0.0
2025-09-27,1.4067042436003696,0.0,1.4067042436003696,1.4067042436003696,0.0,0,0.0,0.0
2025-09-28,0.0,0.0,0.0,0.0,0.0,0,0.0,0.0
2025-09-29,0.0,0.0,0.0,0.0,0.0,0,0.0,0.0
2025-09-30,0.0,0.0,0.7178961550071854,0.0,0.0,0,0.0,0.0
2025-10-01,0.0,0.0,0.0,0.0,0.0,0,0.0,0.0
2025-10-02,0.0,0.0,0.5661194978579882,0.0,0.0,0,0.0,0.0
2025-10-03,1.9564604569002988,0.0,1.9564604569002988,1.9564604569002988,0.0,0,0.0,0.0
2025-10-04,0.42558231223374676,0.0,0.42558231223374676,0.42558231223374676,0.0,0,0.0,0.0
2025-10-05,0.39832077368721386,0.0,0.39832077368721386,0.39832077368721386,0.0,0,0.0,0.0
2025-10-06,2.3215762616144486,0.0,2.3215762616144486,2.3215762616144486,0.0,0,0.0,0.0
2025-10-07,0.0,0.0,0.0,0.0,0.0,0,0.0,0.0
2025-10-08,0.0,0.0,0.0,0.0,0.0,0,0.0,0.0
2025-10-09,2.3731844347585005,0.0,2.3731844347585005,2.3731844347585005,0.0,0,0.0,0.0
2025-10-10,0.0,0.0,0.0,0.0,0.0,0,0.0,0.0
2025-10-11,0.0,0.0,0.0,0.0,0.0,0,0.0,0.0
2025-10-12,7.504789295323194,0.0,7.504789295323194,7.504789295323194,0.0,1,0.0,0.0
2025-10-13,5.551115123125783e-17,0.0,4.343735757828689,5.551115123125783e-17,0.0,0,0.0,0.0
2025-10-14,0.0,0.0,0.0,0.0,0.0,0,0.0,0.0
2025-10-15,0.0,0.0,0.17456466446071772,0.0,0.0,0,0.0,0.0
2025-10-16,0.0,0.0,0.0,0.0,0.0,0,0.0,0.0
2025-10-17,0.0,0.0,0.514879019901155,0.0,0.0,0,0.0,0.0
2025-10-18,0.0,0.0,0.0,0.0,0.0,0,0.0,0.0
2025-10-19,1.7703524483814839,0.0,1.7703524483814839,1.7703524483814839,0.0,0,0.0,0.0
2025-10-20,0.0,0.0,0.0,0.0,0.0,0,0.0,0.0
2025-10-21,0.0,0.0,0.0,0.0,0.0,0,0.0,0.0
2025-10-22,0.0,0.0,0.0,0.0,0.0,0,0.0,0.0
2025-10-23,0.0,4.440892098500626e-16,2.819139435723425,0.0,4.440892098500626e-16,0,0.0,0.0
2025-10-24,0.0,0.0,0.0,0.0,0.0,0,0.0,0.0
2025-10-25,0.0,0.0,0.0,0.0,0.0,0,0.0,0.0
2025-10-26,13.405137785160928,0.0,13.405137785160928,13.405137785160928,0.0,1,0.0,0.0
2025-10-27,0.0,0.0,0.0,0.0,0.0,0,0.0,0.0
2025-10-28,0.0,0.0,0.0,0.0,0.0,0,0.0,0.0
2025-10-29,0.0,0.0,0.0,0.0,0.0,0,0.0,0.0
2025-10-30,0.0,0.0,1.953590614952148,0.0,0.0,0,0.0,0.0
2025-10-31,0.0,0.40663253976991776,4.360684240395205,0.0,0.40663253976991776,0,0.0,0.0
2025-11-01,5.551115123125783e-17,1.1102230246251565e-16,1.190432569205754,5.551115123125783e-17,1.1102230246251565e-16,0,0.0,0.0
2025-11-02,19.18151810666174,0.0,19.280550274357203,17.850736566834158,0.0,2,1.3307815398275835,0.0
2025-11-03,1.1102230246251565e-16,0.0,1.7660444591213063,1.1102230246251565e-16,0.0,0,0.0,0.0
2025-11-04,0.0,2.220446049250313e-16,4.5526996947974006,0.0,2.220446049250313e-16,0,0.0,0.0
2025-11-05,2.220446049250313e-16,0.0,4.279550049126144,2.220446049250313e-16,0.0,0,0.0,0.0
2025-11-06,0.0,0.0,0.6241685129702148,0.0,0.0,0,0.0,0.0
2025-11-07,0.0,0.0,0.0,0.0,0.0,0,0.0,0.0
2025-11-08,0.0,0.0,0.0,0.0,0.0,0,0.0,0.0
2025-11-09,0.0,0.0,0.0,0.0,0.0,0,0.0,0.0
2025-11-10,0.0,0.0,0.0,0.0,0.0,0,0.0,0.0
2025-11-11,1.7763568394002505e-15,0.12576109589499085,12.67733935619146,1.7763568394002505e-15,0.12576109589499085,0,0.0,0.0
2025-11-12,0.0,0.0,0.0,0.0,0.0,0,0.0,0.0
2025-11-13,0.0,0.0,0.0,0.0,0.0,0,0.0,0.0
2025-11-14,0.0,0.0,0.0,0.0,0.0,0,0.0,0.0
2025-11-15,0.0,0.0,0.0,0.0,0.0,0,0.0,0.0
2025-11-16,2.220446049250313e-16,0.0,1.990108128339049,2.220446049250313e-16,0.0,0,0.0,0.0
2025-11-17,0.0,0.0,2.0317459138333795,0.0,0.0,0,0.0,0.0
2025-11-18,0.0,4.130514618245587,35.56059188662469,0.0,4.130514618245587,0,0.0,0.0
2025-11-19,2.220446049250313e-16,0.0,4.622322925642127,2.220446049250313e-16,0.0,0,0.0,0.0
2025-11-20,0.0,0.6392102925308669,13.851523460060353,0.0,0.6392102925308669,0,0.0,0.0
2025-11-21,0.0,0.0,0.0,0.0,0.0,0,0.0,0.0
2025-11-22,0.0,0.0,0.0,0.0,0.0,0,0.0,0.0
2025-11-23,0.0,0.0,0.0,0.0,0.0,0,0.0,0.0
2025-11-24,0.0,0.0,0.7305207341313391,0.0,0.0,0,0.0,0.0
2025-11-25,0.0,0.0,9.267017130829394,0.0,0.0,0,0.0,0.0
2025-11-26,0.0,0.0,0.0,0.0,0.0,0,0.0,0.0
2025-11-27,0.0,1.521943799491265,14.764499008746348,0.0,1.521943799491265,0,0.0,0.0
2025-11-28,0.0,0.0,0.0,0.0,0.0,0,0.0,0.0
2025-11-29,0.0,0.0,0.17142410624026638,0.0,0.0,0,0.0,0.0
2025-11-30,5.551115123125783e-17,0.0,0.39064187985658805,5.551115123125783e-17,0.0,0,0.0,0.0
2025-12-01,0.0,5.551115123125783e-17,3.123872600000351,0.0,5.551115123125783e-17,0,0.0,0.0
2025-12-02,0.0,5.551115123125783e-17,13.534829451695092,0.0,5.551115123125783e-17,0,0.0,0.0
2025-12-03,0.0,0.0,1.9698381955772675,0.0,0.0,0,0.0,0.0
2025-12-04,0.0,0.0,10.167723704367877,0.0,0.0,0,0.0,0.0
2025-12-05,0.0,0.0,0.0,0.0,0.0,0,0.0,0.0
2025-12-06,0.0,0.0,0.0,0.0,0.0,0,0.0,0.0
2025-12-07,6.661338147750939e-16,2.220446049250313e-16,9.26207774046064,6.661338147750939e-16,2.220446049250313e-16,0,0.0,0.0
2025-12-08,0.0,0.0,0.38876584103703493,0.0,0.0,0,0.0,0.0
2025-12-09,0.0,0.0,0.0,0.0,0.0,0,0.0,0.0
2025-12-10,1.1102230246251565e-16,0.0,2.021687122762202,1.1102230246251565e-16,0.0,0,0.0,0.0
2025-12-11,0.0,2.220446049250313e-16,9.81510487267375,0.0,2.220446049250313e-16,0,0.0,0.0
2025-12-12,0.0,0.0,0.0,0.0,0.0,0,0.0,0.0
2025-12-13,0.0,0.0,0.0,0.0,0.0,0,0.0,0.0
2025-12-14,0.0,0.0,0.0,0.0,0.0,0,0.0,0.0
2025-12-15,2.220446049250313e-16,0.0,2.615314901955429,2.220446049250313e-16,0.0,0,0.0,0.0
2025-12-16,0.0,0.0,0.03755331813125018,0.0,0.0,0,0.0,0.0
2025-12-17,0.0,0.0,0.0,0.0,0.0,0,0.0,0.0
2025-12-18,0.0,0.0,0.0,0.0,0.0,0,0.0,0.0
2025-12-19,0.0,0.0,2.0301670863479373,0.0,0.0,0,0.0,0.0
2025-12-20,0.0,0.0,1.274178047589957,0.0,0.0,0,0.0,0.0
2025-12-21,0.0,0.0,0.0,0.0,0.0,0,0.0,0.0
2025-12-22,0.0,0.0,0.0,0.0,0.0,0,0.0,0.0
2025-12-23,0.0,0.0,0.0,0.0,0.0,0,0.0,0.0
2025-12-24,0.0,0.0,0.0,0.0,0.0,0,0.0,0.0
2025-12-25,0.0,1.1102230246251565e-16,4.945668939530847,0.0,1.1102230246251565e-16,0,0.0,0.0
2025-12-26,0.0,0.0,0.0,0.0,0.0,0,0.0,0.0
2025-12-27,4.440892098500626e-16,0.0,4.326831029117102,4.440892098500626e-16,0.0,0,0.0,0.0
2025-12-28,0.0,0.0,0.05659418434650121,0.0,0.0,0,0.0,0.0
2025-12-29,0.0,0.6214817194567956,28.409635492261497,0.0,0.6214817194567956,0,0.0,0.0
2025-12-30,0.0,0.0,0.020786672085520763,0.0,0.0,0,0.0,0.0
2025-12-31,0.0,7.771561172376096e-16,5.626092205733059,0.0,7.771561172376096e-16,0,0.0,0.0
